step,train_loss,bits_used,lr,elapsed_s
10,10.121479,2,5.4e-06,4.83
20,9.711343,2,1.14e-05,4.68
30,9.289735,1,1.74e-05,4.65
40,9.030466,1,2.34e-05,4.65
50,8.749562,2,2.94e-05,4.71
60,8.635833,1,3.54e-05,4.62
70,8.479561,2,4.14e-05,4.73
80,8.388051,2,4.74e-05,4.69
90,8.310412,2,5.34e-05,4.65
100,8.122424,1,5.94e-05,4.68
110,8.02748,2,6.54e-05,4.66
120,7.921662,1,7.14e-05,4.67
130,7.825809,1,7.74e-05,4.66
140,7.799769,2,8.34e-05,4.68
150,7.685341,2,8.94e-05,4.68
160,7.614298,2,9.54e-05,4.69
170,7.608228,2,0.0001014,4.66
180,7.56509,2,0.0001074,4.71
190,7.602955,2,0.0001134,4.7
200,7.551567,2,0.0001194,4.66
210,7.606613,2,0.0001254,4.7
220,7.591389,2,0.0001314,4.66
230,7.530237,2,0.0001374,4.64
240,7.588181,1,0.0001434,4.65
250,7.612148,2,0.0001494,4.69
260,7.627045,1,0.0001554,4.68
270,7.609226,1,0.0001614,4.69
280,7.570857,2,0.0001674,4.74
290,7.589916,2,0.0001734,4.7
300,7.649499,1,0.0001794,4.67
310,7.620932,2,0.0001854,4.72
320,7.571592,1,0.0001914,4.71
330,7.539721,1,0.0001974,4.69
340,7.709799,2,0.0002034,4.69
350,7.633051,1,0.0002094,4.68
360,7.579709,2,0.0002154,4.64
370,7.582194,2,0.0002214,4.67
380,7.566814,2,0.0002274,4.67
390,7.620014,1,0.0002334,4.69
400,7.592591,2,0.0002394,4.69
410,7.617779,1,0.0002454,4.66
420,7.545817,1,0.0002514,4.59
430,7.618215,2,0.0002574,4.72
440,7.610175,2,0.0002634,4.7
450,7.634073,1,0.0002694,4.71
460,7.556199,2,0.0002754,4.71
470,7.608067,2,0.0002814,4.69
480,7.582639,2,0.0002874,4.72
490,7.660607,2,0.0002934,4.67
500,7.561694,2,0.0002994,4.72
510,7.614891,2,0.0003,19.57
520,7.604548,2,0.0003,4.63
530,7.56612,1,0.00029999,4.68
540,7.616086,1,0.00029999,4.7
550,7.634262,1,0.00029998,4.65
560,7.608823,1,0.00029997,4.65
570,7.57863,2,0.00029996,4.69
580,7.631599,2,0.00029995,4.65
590,7.58704,2,0.00029994,4.68
600,7.583072,2,0.00029992,4.7
610,7.549769,2,0.0002999,4.65
620,7.573113,1,0.00029988,4.63
630,7.588033,1,0.00029986,4.65
640,7.633555,2,0.00029984,4.7
650,7.61335,2,0.00029982,4.67
660,7.557025,1,0.00029979,4.73
670,7.540714,2,0.00029977,4.72
680,7.610755,2,0.00029974,4.67
690,7.591827,2,0.00029971,4.7
700,7.564021,2,0.00029968,4.71
710,7.61094,1,0.00029964,4.65
720,7.561134,2,0.00029961,4.67
730,7.538463,2,0.00029957,4.71
740,7.56666,2,0.00029953,4.69
750,7.572393,2,0.00029949,4.64
760,7.500367,1,0.00029945,4.66
770,7.597126,2,0.00029941,4.73
780,7.594732,2,0.00029936,4.74
790,7.561815,2,0.00029932,4.68
800,7.564832,2,0.00029927,4.73
810,7.528076,2,0.00029922,4.72
820,7.724597,1,0.00029917,4.66
830,7.497572,2,0.00029911,4.73
840,7.59455,2,0.00029906,4.68
850,7.540143,2,0.000299,4.74
860,7.591843,2,0.00029894,4.68
870,7.616717,2,0.00029888,4.67
880,7.57363,1,0.00029882,4.65
890,7.531276,1,0.00029876,4.7
900,7.616106,2,0.0002987,4.71
910,7.523053,2,0.00029863,4.69
920,7.522124,1,0.00029856,4.66
930,7.552336,2,0.00029849,4.66
940,7.547246,2,0.00029842,4.66
950,7.586657,2,0.00029835,4.66
960,7.600684,2,0.00029828,4.75
970,7.506607,2,0.0002982,4.7
980,7.542964,2,0.00029812,4.72
990,7.627626,2,0.00029804,4.68
1000,7.55748,2,0.00029796,4.72
1010,7.540827,2,0.00029788,19.64
1020,7.547832,1,0.0002978,4.63
1030,7.532453,1,0.00029771,4.68
1040,7.53327,4,0.00029762,4.68
1050,7.57794,2,0.00029753,4.69
1060,7.557405,2,0.00029744,4.65
1070,7.5741,2,0.00029735,4.69
1080,7.585131,2,0.00029726,4.64
1090,7.557295,1,0.00029716,4.67
1100,7.593262,2,0.00029707,4.67
1110,7.560257,1,0.00029697,4.68
1120,7.520525,2,0.00029687,4.67
1130,7.494012,2,0.00029677,4.65
1140,7.588156,2,0.00029666,4.71
1150,7.557254,1,0.00029656,4.66
1160,7.541574,2,0.00029645,4.66
1170,7.513521,1,0.00029634,4.69
1180,7.497529,2,0.00029623,4.68
1190,7.523267,2,0.00029612,4.72
1200,7.508109,2,0.00029601,4.69
1210,7.450374,1,0.0002959,4.61
1220,7.531881,2,0.00029578,4.75
1230,7.55163,2,0.00029566,4.68
1240,7.546877,1,0.00029554,4.64
1250,7.596594,2,0.00029542,4.71
1260,7.553235,1,0.0002953,4.65
1270,7.5847,1,0.00029518,4.65
1280,7.547289,2,0.00029505,4.69
1290,7.514583,1,0.00029492,4.72
1300,7.561817,1,0.00029479,4.65
1310,7.513855,1,0.00029466,4.69
1320,7.592559,2,0.00029453,4.74
1330,7.575065,2,0.0002944,4.73
1340,7.46167,2,0.00029426,4.7
1350,7.537254,2,0.00029413,4.7
1360,7.535596,2,0.00029399,4.68
1370,7.534434,1,0.00029385,4.63
1380,7.499678,2,0.00029371,4.68
1390,7.559852,1,0.00029356,4.7
1400,7.552216,2,0.00029342,4.67
1410,7.534611,2,0.00029327,4.71
1420,7.530512,2,0.00029313,4.69
1430,7.509566,2,0.00029298,4.69
1440,7.470109,2,0.00029283,4.64
1450,7.548845,1,0.00029267,4.67
1460,7.542872,1,0.00029252,4.71
1470,7.509056,2,0.00029236,4.65
1480,7.519968,2,0.00029221,4.72
1490,7.527491,2,0.00029205,4.68
1500,7.524521,1,0.00029189,4.73
1510,7.51006,1,0.00029173,19.61
1520,7.536937,2,0.00029156,4.71
1530,7.512601,1,0.0002914,4.67
1540,7.57109,2,0.00029123,4.72
1550,7.496731,2,0.00029106,4.7
1560,7.531506,1,0.0002909,4.64
1570,7.548353,2,0.00029072,4.7
1580,7.557023,1,0.00029055,4.71
1590,7.549403,2,0.00029038,4.71
1600,7.511439,2,0.0002902,4.72
1610,7.518688,2,0.00029003,4.67
1620,7.603943,1,0.00028985,4.73
1630,7.542155,2,0.00028967,4.64
1640,7.494643,1,0.00028948,4.71
1650,7.517699,1,0.0002893,4.67
1660,7.506898,2,0.00028912,4.65
1670,7.501196,2,0.00028893,4.69
1680,7.556459,2,0.00028874,4.76
1690,7.513982,1,0.00028855,4.67
1700,7.538395,2,0.00028836,4.75
1710,7.586638,2,0.00028817,4.78
1720,7.52293,1,0.00028798,4.62
1730,7.533542,2,0.00028778,4.68
1740,7.481177,2,0.00028758,4.74
1750,7.485392,2,0.00028739,4.7
1760,7.546731,1,0.00028719,4.68
1770,7.483238,2,0.00028698,4.69
1780,7.561855,1,0.00028678,4.63
1790,7.512996,2,0.00028658,4.68
1800,7.519587,2,0.00028637,4.65
1810,7.607869,1,0.00028616,4.66
1820,7.557557,1,0.00028596,4.66
1830,7.564511,2,0.00028575,4.72
1840,7.502651,2,0.00028553,4.68
1850,7.526424,2,0.00028532,4.7
1860,7.538026,1,0.00028511,4.63
1870,7.543899,1,0.00028489,4.65
1880,7.467944,1,0.00028467,4.69
1890,7.477128,2,0.00028445,4.69
1900,7.497116,1,0.00028423,4.64
1910,7.511911,2,0.00028401,4.69
1920,7.539811,2,0.00028379,4.66
1930,7.554027,2,0.00028356,4.64
1940,7.502762,1,0.00028333,4.68
1950,7.496354,2,0.00028311,4.72
1960,7.495009,1,0.00028288,4.72
1970,7.545644,1,0.00028265,4.64
1980,7.470006,1,0.00028241,4.69
1990,7.51585,2,0.00028218,4.7
2000,7.518726,1,0.00028194,4.66
2010,7.513444,1,0.00028171,19.6
2020,7.52455,2,0.00028147,4.74
2030,7.586278,2,0.00028123,4.69
2040,7.478865,2,0.00028099,4.67
2050,7.5594,1,0.00028075,4.69
2060,7.512006,2,0.0002805,4.75
2070,7.566926,2,0.00028026,4.73
2080,7.498718,2,0.00028001,4.74
2090,7.496916,2,0.00027976,4.68
2100,7.506288,2,0.00027951,4.71
2110,7.528106,1,0.00027926,4.7
2120,7.504589,1,0.00027901,4.67
2130,7.531466,2,0.00027876,4.74
2140,7.495335,2,0.0002785,4.71
2150,7.457081,1,0.00027824,4.66
2160,7.511507,1,0.00027799,4.69
2170,7.487557,1,0.00027773,4.67
2180,7.507028,2,0.00027747,4.7
2190,7.590564,1,0.0002772,4.71
2200,7.513193,2,0.00027694,4.72
2210,7.48015,2,0.00027668,4.74
2220,7.542333,1,0.00027641,4.68
2230,7.498551,2,0.00027614,4.71
2240,7.515097,2,0.00027587,4.63
2250,7.549879,1,0.0002756,4.66
2260,7.538366,2,0.00027533,4.69
2270,7.543282,1,0.00027506,4.71
2280,7.458669,1,0.00027478,4.7
2290,7.555999,2,0.00027451,4.75
2300,7.528451,2,0.00027423,4.66
2310,7.473893,1,0.00027395,4.73
2320,7.466924,1,0.00027367,4.7
2330,7.48738,1,0.00027339,4.69
2340,7.477835,2,0.00027311,4.71
2350,7.545479,1,0.00027282,4.65
2360,7.53662,2,0.00027254,4.67
2370,7.520303,2,0.00027225,4.69
2380,7.516383,1,0.00027196,4.64
2390,7.503163,2,0.00027167,4.72
2400,7.47559,2,0.00027138,4.72
2410,7.571891,1,0.00027109,4.6
2420,7.552652,2,0.0002708,4.71
2430,7.500751,2,0.0002705,4.66
2440,7.431403,1,0.00027021,4.71
2450,7.596568,2,0.00026991,4.69
2460,7.565792,2,0.00026961,4.7
2470,7.514145,2,0.00026931,4.7
2480,7.519167,2,0.00026901,4.7
2490,7.478791,1,0.00026871,4.7
2500,7.51341,1,0.0002684,4.71
2510,7.474264,2,0.0002681,19.48
2520,7.504295,2,0.00026779,4.69
2530,7.469947,1,0.00026748,4.68
2540,7.516173,1,0.00026717,4.67
2550,7.49377,2,0.00026686,4.71
2560,7.48005,2,0.00026655,4.72
2570,7.541985,2,0.00026624,4.74
2580,7.566486,2,0.00026592,4.7
2590,7.522532,2,0.00026561,4.74
2600,7.436668,2,0.00026529,4.72
2610,7.461021,2,0.00026497,4.72
2620,7.508149,2,0.00026465,4.72
2630,7.496703,2,0.00026433,4.69
2640,7.563011,2,0.00026401,4.77
2650,7.472807,2,0.00026369,4.68
2660,7.451676,2,0.00026337,4.76
2670,7.52546,1,0.00026304,4.69
2680,7.486612,2,0.00026271,4.7
2690,7.502816,1,0.00026239,4.73
2700,7.483302,1,0.00026206,4.67
2710,7.488768,2,0.00026173,4.75
2720,7.50601,1,0.00026139,4.71
2730,7.500806,2,0.00026106,4.7
2740,7.447894,2,0.00026073,4.71
2750,7.50899,1,0.00026039,4.69
2760,7.472424,2,0.00026006,4.71
2770,7.529208,2,0.00025972,4.7
2780,7.531434,2,0.00025938,4.65
2790,7.500783,1,0.00025904,4.7
2800,7.55122,1,0.0002587,4.72
2810,7.492818,2,0.00025836,4.72
2820,7.476931,2,0.00025801,4.66
2830,7.588975,2,0.00025767,4.7
2840,7.500778,2,0.00025732,4.71
2850,7.530087,1,0.00025697,4.62
2860,7.500158,2,0.00025663,4.74
2870,7.506638,2,0.00025628,4.65
2880,7.483611,2,0.00025593,4.7
2890,7.473313,2,0.00025557,4.71
2900,7.56654,2,0.00025522,4.66
2910,7.506355,2,0.00025487,4.67
2920,7.478477,2,0.00025451,4.71
2930,7.54805,2,0.00025416,4.74
2940,7.534806,1,0.0002538,4.66
2950,7.490981,2,0.00025344,4.68
2960,7.52792,1,0.00025308,4.78
2970,7.505013,2,0.00025272,4.75
2980,7.444338,1,0.00025236,4.73
2990,7.483531,1,0.00025199,4.67
3000,7.470316,1,0.00025163,4.67
3010,7.497039,2,0.00025126,19.53
3020,7.526654,2,0.0002509,4.71
3030,7.530924,1,0.00025053,4.67
3040,7.462605,2,0.00025016,4.69
3050,7.473564,2,0.00024979,4.66
3060,7.609951,2,0.00024942,4.73
3070,7.482962,1,0.00024905,4.64
3080,7.484641,2,0.00024867,4.7
3090,7.577002,1,0.0002483,4.69
3100,7.48921,2,0.00024793,4.72
3110,7.508914,1,0.00024755,4.66
3120,7.503453,2,0.00024717,4.71
3130,7.486362,1,0.00024679,4.65
3140,7.49524,1,0.00024641,4.73
3150,7.495453,1,0.00024603,4.7
3160,7.535057,2,0.00024565,4.67
3170,7.484334,2,0.00024527,4.65
3180,7.517677,2,0.00024489,4.67
3190,7.448111,2,0.0002445,4.71
3200,7.463682,2,0.00024412,4.72
3210,7.503068,2,0.00024373,4.71
3220,7.464774,2,0.00024334,4.72
3230,7.519761,2,0.00024295,4.68
3240,7.476184,2,0.00024256,4.7
3250,7.439735,2,0.00024217,4.68
3260,7.448374,2,0.00024178,4.67
3270,7.513788,2,0.00024139,4.72
3280,7.514778,2,0.00024099,4.73
3290,7.506393,2,0.0002406,4.71
3300,7.429732,2,0.0002402,4.68
3310,7.506151,2,0.0002398,4.72
3320,7.49239,2,0.00023941,4.68
3330,7.492263,2,0.00023901,4.71
3340,7.541143,2,0.00023861,4.76
3350,7.543372,2,0.00023821,4.72
3360,7.563353,1,0.00023781,4.7
3370,7.501726,2,0.0002374,4.7
3380,7.462692,2,0.000237,4.69
3390,7.479109,2,0.0002366,4.66
3400,7.465018,2,0.00023619,4.72
3410,7.559516,2,0.00023578,4.72
3420,7.715751,2,0.00023538,4.71
3430,7.5283,1,0.00023497,4.67
3440,7.457377,4,0.00023456,4.72
3450,7.464896,2,0.00023415,4.7
3460,7.701132,1,0.00023374,4.71
3470,7.479645,1,0.00023333,4.68
3480,7.438465,2,0.00023291,4.68
3490,7.393521,2,0.0002325,4.61
3500,7.509834,2,0.00023208,4.67
3510,7.453637,1,0.00023167,19.43
3520,7.477254,1,0.00023125,4.68
3530,7.473269,2,0.00023083,4.68
3540,7.471971,2,0.00023042,4.67
3550,7.525423,2,0.00023,4.74
3560,7.501933,2,0.00022958,4.68
3570,7.463503,1,0.00022916,4.69
3580,7.46114,1,0.00022873,4.73
3590,7.497693,4,0.00022831,4.71
3600,7.428347,2,0.00022789,4.75
3610,7.473575,2,0.00022746,4.64
3620,7.499225,4,0.00022704,4.69
3630,7.433407,2,0.00022661,4.71
3640,7.465813,2,0.00022619,4.71
3650,7.52342,2,0.00022576,4.72
3660,7.391124,2,0.00022533,4.74
3670,7.474853,2,0.0002249,4.71
3680,7.472766,2,0.00022447,4.73
3690,7.499394,1,0.00022404,4.65
3700,7.770622,1,0.00022361,4.71
3710,7.467142,1,0.00022317,4.7
3720,7.49245,1,0.00022274,4.66
3730,7.488576,2,0.00022231,4.66
3740,7.517953,2,0.00022187,4.69
3750,7.566814,1,0.00022144,4.72
3760,7.47048,1,0.000221,4.65
3770,7.478499,2,0.00022056,4.73
3780,7.468929,2,0.00022012,4.68
3790,7.511629,2,0.00021968,4.72
3800,7.527451,4,0.00021925,4.7
3810,7.427793,2,0.0002188,4.71
3820,7.431015,2,0.00021836,4.71
3830,7.53444,2,0.00021792,4.66
3840,7.43755,1,0.00021748,4.68
3850,7.425245,1,0.00021704,4.65
3860,7.413446,2,0.00021659,4.69
3870,7.438226,2,0.00021615,4.65
3880,7.465807,2,0.0002157,4.74
3890,7.448731,2,0.00021525,4.62
3900,7.478175,1,0.00021481,4.72
3910,7.460847,2,0.00021436,4.69
3920,7.452078,2,0.00021391,4.78
3930,7.463498,1,0.00021346,4.66
3940,7.404485,2,0.00021301,4.74
3950,7.460151,2,0.00021256,4.68
3960,7.464294,2,0.00021211,4.7
3970,7.46391,2,0.00021166,4.75
3980,7.447266,2,0.00021121,4.69
3990,7.418244,2,0.00021075,4.73
4000,7.471917,2,0.0002103,4.63
4010,7.456069,1,0.00020985,19.57
4020,7.470359,1,0.00020939,4.7
4030,7.500013,2,0.00020893,4.66
4040,7.462858,2,0.00020848,4.7
4050,7.471937,2,0.00020802,4.73
4060,7.478417,2,0.00020756,4.72
4070,7.528601,1,0.0002071,4.65
4080,7.482942,2,0.00020665,4.73
4090,7.435373,2,0.00020619,4.73
4100,7.458113,1,0.00020573,4.74
4110,7.41893,2,0.00020526,4.7
4120,7.437599,2,0.0002048,4.73
4130,7.491053,2,0.00020434,4.71
4140,7.520628,1,0.00020388,4.66
4150,7.474017,2,0.00020342,4.7
4160,7.435496,1,0.00020295,4.71
4170,7.433569,2,0.00020249,4.69
4180,7.48204,1,0.00020202,4.68
4190,7.499768,2,0.00020156,4.71
4200,7.469001,1,0.00020109,4.68
4210,7.495176,2,0.00020062,4.7
4220,7.407122,2,0.00020016,4.66
4230,7.443242,2,0.00019969,4.71
4240,7.521831,2,0.00019922,4.68
4250,7.474289,2,0.00019875,4.71
4260,7.477885,2,0.00019828,4.7
4270,7.444293,1,0.00019781,4.65
4280,7.426348,2,0.00019734,4.67
4290,7.517286,2,0.00019687,4.72
4300,7.45942,2,0.0001964,4.68
4310,7.502864,2,0.00019593,4.73
4320,7.463013,2,0.00019546,4.68
4330,7.407389,2,0.00019498,4.68
4340,7.502401,2,0.00019451,4.69
4350,7.428145,2,0.00019403,4.72
4360,7.430876,2,0.00019356,4.73
4370,7.516553,2,0.00019309,4.7
4380,7.475517,2,0.00019261,4.73
4390,7.421609,1,0.00019213,4.66
4400,7.506274,1,0.00019166,4.7
4410,7.522465,1,0.00019118,4.69
4420,7.411371,2,0.0001907,4.66
4430,7.407971,1,0.00019023,4.67
4440,7.3758,1,0.00018975,4.72
4450,7.492011,1,0.00018927,4.72
4460,7.445274,2,0.00018879,4.68
4470,7.4719,1,0.00018831,4.73
4480,7.541192,2,0.00018783,4.69
4490,7.458721,1,0.00018735,4.63
4500,7.531683,1,0.00018687,4.7
4510,7.424557,4,0.00018639,19.69
4520,7.375309,2,0.00018591,4.72
4530,7.466603,2,0.00018543,4.69
4540,7.403253,2,0.00018494,4.74
4550,7.501079,2,0.00018446,4.68
4560,7.4033,1,0.00018398,4.74
4570,7.504768,1,0.0001835,4.67
4580,7.515245,2,0.00018301,4.71
4590,7.479584,1,0.00018253,4.67
4600,7.425702,1,0.00018204,4.72
4610,7.407147,2,0.00018156,4.7
4620,7.450302,1,0.00018107,4.66
4630,7.385483,2,0.00018059,4.67
4640,7.473957,2,0.0001801,4.68
4650,7.46582,2,0.00017962,4.72
4660,7.467913,2,0.00017913,4.64
4670,7.427529,2,0.00017864,4.7
4680,7.405602,2,0.00017816,4.72
4690,7.468915,1,0.00017767,4.66
4700,7.43904,1,0.00017718,4.62
4710,7.37633,2,0.00017669,4.72
4720,7.420761,2,0.0001762,4.71
4730,7.445722,2,0.00017572,4.75
4740,7.462532,1,0.00017523,4.61
4750,7.492257,2,0.00017474,4.73
4760,7.491804,1,0.00017425,4.63
4770,7.443562,2,0.00017376,4.72
4780,7.460788,1,0.00017327,4.61
4790,7.495159,2,0.00017278,4.72
4800,7.465664,2,0.00017229,4.69
4810,7.484605,2,0.0001718,4.71
4820,7.445421,1,0.00017131,4.68
4830,7.473133,2,0.00017082,4.71
4840,7.490389,2,0.00017032,4.7
4850,7.474851,1,0.00016983,4.65
4860,7.420976,4,0.00016934,4.7
4870,7.514042,1,0.00016885,4.63
4880,7.447986,2,0.00016836,4.72
4890,7.506517,1,0.00016786,4.68
4900,7.456745,1,0.00016737,4.68
4910,7.493319,1,0.00016688,4.66
4920,7.479984,2,0.00016639,4.68
4930,7.475254,2,0.00016589,4.65
4940,7.454663,1,0.0001654,4.73
4950,7.440286,2,0.00016491,4.69
4960,7.475991,2,0.00016441,4.72
4970,7.484078,2,0.00016392,4.73
4980,7.44845,2,0.00016342,4.71
4990,7.517818,2,0.00016293,4.67
5000,7.444331,1,0.00016244,4.64
5010,7.410243,2,0.00016194,19.66
5020,7.445448,2,0.00016145,4.68
5030,7.448323,1,0.00016095,4.7
5040,7.405191,1,0.00016046,4.66
5050,7.456337,1,0.00015996,4.73
5060,7.38664,2,0.00015947,4.71
5070,7.468542,1,0.00015897,4.7
5080,7.460666,1,0.00015848,4.71
5090,7.398223,2,0.00015798,4.68
5100,7.434748,2,0.00015749,4.74
5110,7.416391,2,0.00015699,4.68
5120,7.488983,2,0.0001565,4.77
5130,7.424561,1,0.000156,4.68
5140,7.453257,2,0.0001555,4.69
5150,7.417254,2,0.00015501,4.67
5160,7.454596,1,0.00015451,4.66
5170,7.53269,2,0.00015402,4.7
5180,7.37562,1,0.00015352,4.62
5190,7.503492,2,0.00015303,4.7
5200,7.407536,2,0.00015253,4.7
5210,7.492213,1,0.00015203,4.72
5220,7.400475,1,0.00015154,4.7
5230,7.453169,1,0.00015104,4.72
5240,7.491407,2,0.00015055,4.67
5250,7.509314,2,0.00015005,4.75
5260,7.453987,2,0.00014955,4.73
5270,7.495996,1,0.00014906,4.71
5280,7.460364,4,0.00014856,4.73
5290,7.441961,2,0.00014807,4.67
5300,7.437694,1,0.00014757,4.67
5310,7.424989,2,0.00014707,4.7
5320,7.441604,1,0.00014658,4.7
5330,7.498189,2,0.00014608,4.69
5340,7.437648,1,0.00014559,4.72
5350,7.420527,2,0.00014509,4.7
5360,7.439154,2,0.00014459,4.7
5370,7.447511,2,0.0001441,4.74
5380,7.440954,2,0.0001436,4.69
5390,7.438398,1,0.00014311,4.7
5400,7.521686,1,0.00014261,4.65
5410,7.432496,2,0.00014212,4.68
5420,7.455864,1,0.00014162,4.66
5430,7.476557,1,0.00014113,4.66
5440,7.47482,2,0.00014063,4.7
5450,7.466905,1,0.00014014,4.73
5460,7.459638,1,0.00013964,4.7
5470,7.431196,2,0.00013915,4.7
5480,7.485346,2,0.00013865,4.71
5490,7.411432,2,0.00013816,4.67
5500,7.390833,2,0.00013766,4.68
5510,7.480757,2,0.00013717,19.44
5520,7.427447,2,0.00013667,4.68
5530,7.457846,1,0.00013618,4.69
5540,7.502897,2,0.00013569,4.73
5550,7.41277,2,0.00013519,4.71
5560,7.390255,2,0.0001347,4.74
5570,7.410705,2,0.00013421,4.65
5580,7.432741,2,0.00013371,4.76
5590,7.439297,2,0.00013322,4.73
5600,7.405125,2,0.00013273,4.73
5610,7.446631,2,0.00013223,4.72
5620,7.481844,2,0.00013174,4.69
5630,7.412379,2,0.00013125,4.73
5640,7.46485,1,0.00013076,4.7
5650,7.428835,2,0.00013027,4.74
5660,7.497298,1,0.00012977,4.67
5670,7.34562,2,0.00012928,4.74
5680,7.498514,2,0.00012879,4.69
5690,7.443986,2,0.0001283,4.7
5700,7.514336,1,0.00012781,4.69
5710,7.422729,2,0.00012732,4.75
5720,7.442191,2,0.00012683,4.71
5730,7.38606,1,0.00012634,4.7
5740,7.511595,2,0.00012585,4.72
5750,7.460459,1,0.00012536,4.71
5760,7.436739,2,0.00012487,4.67
5770,7.381724,1,0.00012438,4.68
5780,7.423303,2,0.00012389,4.68
5790,7.494441,2,0.0001234,4.69
5800,7.417377,1,0.00012292,4.66
5810,7.435009,2,0.00012243,4.69
5820,7.472305,2,0.00012194,4.74
5830,7.48198,2,0.00012145,4.73
5840,7.458157,1,0.00012097,4.71
5850,7.515233,2,0.00012048,4.75
5860,7.420894,2,0.00011999,4.68
5870,7.467211,2,0.00011951,4.72
5880,7.440507,2,0.00011902,4.73
5890,7.472715,2,0.00011854,4.69
5900,7.460247,1,0.00011805,4.67
5910,7.376137,2,0.00011757,4.72
5920,7.465282,2,0.00011708,4.71
5930,7.455803,2,0.0001166,4.68
5940,7.418324,1,0.00011612,4.66
5950,7.487409,2,0.00011563,4.67
5960,7.472624,1,0.00011515,4.72
5970,7.418302,2,0.00011467,4.76
5980,7.409693,1,0.00011419,4.65
5990,7.438938,2,0.00011371,4.76
6000,7.437198,2,0.00011323,4.66
6010,7.474906,2,0.00011274,19.51
6020,7.42676,1,0.00011226,4.64
6030,7.441425,2,0.00011178,4.7
6040,7.474634,2,0.0001113,4.68
6050,7.473548,2,0.00011083,4.71
6060,7.534307,1,0.00011035,4.71
6070,7.475987,1,0.00010987,4.68
6080,7.393386,2,0.00010939,4.7
6090,7.480917,2,0.00010891,4.67
6100,7.511382,1,0.00010844,4.64
6110,7.35202,2,0.00010796,4.65
6120,7.454897,2,0.00010748,4.71
6130,7.443259,1,0.00010701,4.73
6140,7.432484,1,0.00010653,4.67
6150,7.399203,2,0.00010606,4.76
6160,7.446169,2,0.00010559,4.64
6170,7.468132,1,0.00010511,4.68
6180,7.423939,2,0.00010464,4.68
6190,7.414604,2,0.00010417,4.73
6200,7.425115,2,0.00010369,4.67
6210,7.465172,2,0.00010322,4.73
6220,7.436806,1,0.00010275,4.7
6230,7.44396,2,0.00010228,4.72
6240,7.359077,1,0.00010181,4.72
6250,7.42181,1,0.00010134,4.71
6260,7.480697,2,0.00010087,4.73
6270,7.495565,2,0.0001004,4.73
6280,7.397969,2,9.994e-05,4.68
6290,7.397497,1,9.947e-05,4.68
6300,7.46713,2,9.9e-05,4.72
6310,7.444171,2,9.854e-05,4.7
6320,7.443489,2,9.807e-05,4.76
6330,7.419439,2,9.761e-05,4.67
6340,7.420019,1,9.714e-05,4.68
6350,7.4013,2,9.668e-05,4.71
6360,7.483903,2,9.621e-05,4.7
6370,7.459253,1,9.575e-05,4.66
6380,7.401156,2,9.529e-05,4.68
6390,7.438196,2,9.483e-05,4.7
6400,7.406651,2,9.437e-05,4.72
6410,7.517696,2,9.391e-05,4.75
6420,7.467802,2,9.345e-05,4.75
6430,7.352446,1,9.299e-05,4.68
6440,7.420883,2,9.253e-05,4.68
6450,7.511314,2,9.207e-05,4.68
6460,7.367977,2,9.161e-05,4.71
6470,7.36536,2,9.116e-05,4.7
6480,7.398492,2,9.07e-05,4.71
6490,7.471594,2,9.025e-05,4.66
6500,7.516088,2,8.979e-05,4.72
6510,7.422041,2,8.934e-05,19.56
6520,7.462033,2,8.888e-05,4.69
6530,7.405752,2,8.843e-05,4.7
6540,7.410571,2,8.798e-05,4.7
6550,7.425908,2,8.753e-05,4.75
6560,7.459117,2,8.708e-05,4.71
6570,7.471222,2,8.663e-05,4.65
6580,7.441579,2,8.618e-05,4.72
6590,7.42042,2,8.573e-05,4.69
6600,7.421761,2,8.528e-05,4.7
6610,7.403393,1,8.483e-05,4.67
6620,7.440115,1,8.439e-05,4.67
6630,7.457158,2,8.394e-05,4.69
6640,7.408131,2,8.35e-05,4.69
6650,7.455266,2,8.305e-05,4.71
6660,7.448951,1,8.261e-05,4.7
6670,7.432405,1,8.217e-05,4.73
6680,7.479261,2,8.172e-05,4.74
6690,7.431305,2,8.128e-05,4.69
6700,7.450096,4,8.084e-05,4.72
6710,7.409758,1,8.04e-05,4.7
6720,7.396602,2,7.996e-05,4.73
6730,7.41661,2,7.953e-05,4.68
6740,7.408026,2,7.909e-05,4.69
6750,7.452197,1,7.865e-05,4.67
6760,7.427595,1,7.822e-05,4.69
6770,7.402196,2,7.778e-05,4.72
6780,7.452107,1,7.735e-05,4.69
6790,7.515446,2,7.691e-05,4.64
6800,7.435893,2,7.648e-05,4.75
6810,7.467108,1,7.605e-05,4.68
6820,7.442858,2,7.562e-05,4.7
6830,7.448622,2,7.519e-05,4.68
6840,7.423225,2,7.476e-05,4.73
6850,7.479232,2,7.433e-05,4.69
6860,7.451294,2,7.39e-05,4.72
6870,7.44721,1,7.347e-05,4.71
6880,7.392573,2,7.305e-05,4.74
6890,7.469877,2,7.262e-05,4.74
6900,7.484679,2,7.22e-05,4.71
6910,7.420408,1,7.177e-05,4.67
6920,7.433316,2,7.135e-05,4.77
6930,7.32621,2,7.093e-05,4.69
6940,7.392884,2,7.051e-05,4.75
6950,7.445396,1,7.009e-05,4.71
6960,7.448028,2,6.967e-05,4.67
6970,7.388719,2,6.925e-05,4.7
6980,7.397421,2,6.883e-05,4.73
6990,7.389628,1,6.842e-05,4.62
7000,7.444882,1,6.8e-05,4.72
7010,7.406692,2,6.758e-05,19.63
7020,7.48589,2,6.717e-05,4.77
7030,7.486722,2,6.676e-05,4.73
7040,7.450261,1,6.635e-05,4.66
7050,7.431612,2,6.593e-05,4.72
7060,7.457085,2,6.552e-05,4.74
7070,7.423411,2,6.511e-05,4.67
7080,7.486292,2,6.471e-05,4.7
7090,7.398305,1,6.43e-05,4.65
7100,7.474322,1,6.389e-05,4.7
7110,7.408725,1,6.349e-05,4.71
7120,7.448519,2,6.308e-05,4.68
7130,7.350234,2,6.268e-05,4.72
7140,7.430938,2,6.227e-05,4.71
7150,7.436715,2,6.187e-05,4.71
7160,7.382218,4,6.147e-05,4.74
7170,7.420224,1,6.107e-05,4.7
7180,7.467912,2,6.067e-05,4.67
7190,7.438578,2,6.027e-05,4.67
7200,7.402662,2,5.988e-05,4.7
7210,7.426419,1,5.948e-05,4.69
7220,7.526956,2,5.909e-05,4.68
7230,7.398675,2,5.869e-05,4.72
7240,7.413545,2,5.83e-05,4.73
7250,7.46246,2,5.791e-05,4.7
7260,7.395388,2,5.752e-05,4.72
7270,7.381711,2,5.713e-05,4.76
7280,7.445605,2,5.674e-05,4.71
7290,7.443668,2,5.635e-05,4.71
7300,7.424608,2,5.596e-05,4.66
7310,7.461265,1,5.558e-05,4.69
7320,7.479376,2,5.519e-05,4.72
7330,7.427842,2,5.481e-05,4.73
7340,7.450165,2,5.442e-05,4.73
7350,7.403812,1,5.404e-05,4.72
7360,7.405506,2,5.366e-05,4.72
7370,7.409259,2,5.328e-05,4.73
7380,7.4083,1,5.29e-05,4.68
7390,7.434522,2,5.253e-05,4.71
7400,7.357451,1,5.215e-05,4.72
7410,7.417817,2,5.177e-05,4.71
7420,7.385566,2,5.14e-05,4.7
7430,7.43253,2,5.103e-05,4.7
7440,7.467106,1,5.065e-05,4.71
7450,7.422448,2,5.028e-05,4.68
7460,7.367182,2,4.991e-05,4.67
7470,7.502757,2,4.954e-05,4.69
7480,7.41258,2,4.918e-05,4.65
7490,7.421876,2,4.881e-05,4.71
7500,7.470987,2,4.844e-05,4.72
7510,7.345688,1,4.808e-05,19.5
7520,7.407826,1,4.772e-05,4.67
7530,7.466382,2,4.735e-05,4.67
7540,7.462368,1,4.699e-05,4.68
7550,7.452721,1,4.663e-05,4.68
7560,7.478128,2,4.627e-05,4.76
7570,7.393674,2,4.592e-05,4.69
7580,7.384253,1,4.556e-05,4.69
7590,7.490259,2,4.52e-05,4.7
7600,7.331271,2,4.485e-05,4.76
7610,7.385068,2,4.45e-05,4.67
7620,7.434724,2,4.414e-05,4.69
7630,7.494144,2,4.379e-05,4.75
7640,7.385841,2,4.344e-05,4.65
7650,7.437113,2,4.31e-05,4.68
7660,7.438648,2,4.275e-05,4.73
7670,7.442263,2,4.24e-05,4.66
7680,7.487757,1,4.206e-05,4.67
7690,7.443154,1,4.171e-05,4.7
7700,7.4231,1,4.137e-05,4.69
7710,7.413029,2,4.103e-05,4.73
7720,7.416908,2,4.069e-05,4.71
7730,7.358441,2,4.035e-05,4.74
7740,7.397916,2,4.001e-05,4.71
7750,7.328533,2,3.968e-05,4.72
7760,7.391232,1,3.934e-05,4.7
7770,7.468492,1,3.901e-05,4.68
7780,7.428259,1,3.867e-05,4.67
7790,7.403512,2,3.834e-05,4.67
7800,7.430036,2,3.801e-05,4.72
7810,7.401843,1,3.768e-05,4.67
7820,7.393296,2,3.735e-05,4.71
7830,7.390118,2,3.703e-05,4.7
7840,7.419371,1,3.67e-05,4.65
7850,7.419575,2,3.638e-05,4.68
7860,7.457608,2,3.605e-05,4.71
7870,7.432456,2,3.573e-05,4.69
7880,7.396691,2,3.541e-05,4.72
7890,7.337701,2,3.509e-05,4.67
7900,7.482717,2,3.477e-05,4.7
7910,7.413663,2,3.445e-05,4.72
7920,7.404351,2,3.414e-05,4.72
7930,7.341587,2,3.382e-05,4.61
7940,7.449428,1,3.351e-05,4.71
7950,7.427921,2,3.32e-05,4.71
7960,7.443803,2,3.289e-05,4.72
7970,7.433858,2,3.258e-05,4.69
7980,7.414366,1,3.227e-05,4.67
7990,7.456427,2,3.196e-05,4.73
8000,7.379214,2,3.166e-05,4.75
8010,7.410059,2,3.136e-05,19.55
8020,7.370089,2,3.105e-05,4.72
8030,7.402703,1,3.075e-05,4.71
8040,7.499677,2,3.045e-05,4.73
8050,7.422995,2,3.015e-05,4.72
8060,7.355693,1,2.985e-05,4.68
8070,7.378975,2,2.956e-05,4.73
8080,7.368479,1,2.926e-05,4.7
8090,7.33718,1,2.897e-05,4.69
8100,7.489354,2,2.868e-05,4.72
8110,7.454939,2,2.839e-05,4.69
8120,7.477752,2,2.81e-05,4.68
8130,7.402503,2,2.781e-05,4.64
8140,7.401255,2,2.752e-05,4.73
8150,7.403663,2,2.723e-05,4.68
8160,7.427746,2,2.695e-05,4.69
8170,7.365971,2,2.667e-05,4.72
8180,7.406501,2,2.639e-05,4.68
8190,7.396608,1,2.611e-05,4.72
8200,7.391421,2,2.583e-05,4.66
8210,7.401712,4,2.555e-05,4.7
8220,7.476033,1,2.527e-05,4.67
8230,7.420306,1,2.5e-05,4.69
8240,7.435605,1,2.472e-05,4.7
8250,7.410266,1,2.445e-05,4.71
8260,7.379439,2,2.418e-05,4.65
8270,7.445156,2,2.391e-05,4.67
8280,7.436725,2,2.364e-05,4.72
8290,7.396815,2,2.338e-05,4.68
8300,7.403915,2,2.311e-05,4.7
8310,7.424245,2,2.285e-05,4.69
8320,7.413795,2,2.259e-05,4.7
8330,7.408705,2,2.232e-05,4.7
8340,7.443868,2,2.207e-05,4.69
8350,7.402431,2,2.181e-05,4.71
8360,7.381537,2,2.155e-05,4.69
8370,7.401361,2,2.129e-05,4.72
8380,7.471268,2,2.104e-05,4.7
8390,7.380471,2,2.079e-05,4.73
8400,7.402594,1,2.054e-05,4.69
8410,7.415475,2,2.029e-05,4.67
8420,7.31268,2,2.004e-05,4.69
8430,7.389512,2,1.979e-05,4.66
8440,7.370191,2,1.955e-05,4.66
8450,7.459498,1,1.93e-05,4.69
8460,7.38788,2,1.906e-05,4.63
8470,7.400561,1,1.882e-05,4.65
8480,7.385984,2,1.858e-05,4.71
8490,7.438754,2,1.834e-05,4.78
8500,7.440935,2,1.81e-05,4.72
8510,7.378857,1,1.787e-05,19.75
8520,7.457961,1,1.763e-05,4.69
8530,7.421639,1,1.74e-05,4.63
8540,7.42479,2,1.717e-05,4.77
8550,7.412357,1,1.694e-05,4.7
8560,7.442788,2,1.671e-05,4.74
8570,7.364381,2,1.648e-05,4.65
8580,7.428166,2,1.626e-05,4.74
8590,7.328631,1,1.604e-05,4.71
8600,7.455713,1,1.581e-05,4.73
8610,7.457396,2,1.559e-05,4.74
8620,7.330767,2,1.537e-05,4.68
8630,7.428963,2,1.515e-05,4.74
8640,7.464286,2,1.494e-05,4.73
8650,7.419928,4,1.472e-05,4.68
8660,7.43925,2,1.451e-05,4.73
8670,7.333927,2,1.43e-05,4.69
8680,7.343589,2,1.409e-05,4.7
8690,7.359454,1,1.388e-05,4.73
8700,7.305736,2,1.367e-05,4.72
8710,7.410694,2,1.346e-05,4.73
8720,7.408604,1,1.326e-05,4.71
8730,7.386464,2,1.306e-05,4.7
8740,7.344164,1,1.285e-05,4.68
8750,7.40548,2,1.265e-05,4.71
8760,7.419362,1,1.246e-05,4.67
8770,7.449815,1,1.226e-05,4.7
8780,7.413009,2,1.206e-05,4.72
8790,7.413595,2,1.187e-05,4.64
8800,7.456475,2,1.168e-05,4.7
8810,7.394278,1,1.148e-05,4.71
8820,7.357522,2,1.13e-05,4.73
8830,7.435706,2,1.111e-05,4.71
8840,7.460286,2,1.092e-05,4.72
8850,7.363408,1,1.074e-05,4.6
8860,7.451118,2,1.055e-05,4.67
8870,7.362133,2,1.037e-05,4.64
8880,7.368213,1,1.019e-05,4.71
8890,7.420333,2,1.001e-05,4.76
8900,7.432324,1,9.83e-06,4.65
8910,7.352171,2,9.66e-06,4.75
8920,7.400693,2,9.48e-06,4.79
8930,7.359555,2,9.31e-06,4.68
8940,7.46866,1,9.14e-06,4.69
8950,7.456405,2,8.97e-06,4.71
8960,7.427142,2,8.8e-06,4.67
8970,7.408262,2,8.63e-06,4.73
8980,7.392034,2,8.47e-06,4.68
8990,7.440029,2,8.31e-06,4.68
9000,7.401038,2,8.14e-06,4.65
9010,7.523234,2,7.98e-06,19.55
9020,7.440292,2,7.82e-06,4.73
9030,7.406334,4,7.67e-06,4.68
9040,7.50338,2,7.51e-06,4.73
9050,7.426149,2,7.36e-06,4.71
9060,7.402709,2,7.2e-06,4.72
9070,7.301723,2,7.05e-06,4.69
9080,7.458452,2,6.9e-06,4.68
9090,7.477718,2,6.76e-06,4.73
9100,7.374395,2,6.61e-06,4.75
9110,7.451658,2,6.46e-06,4.72
9120,7.405161,1,6.32e-06,4.7
9130,7.456045,2,6.18e-06,4.72
9140,7.423249,1,6.04e-06,4.7
9150,7.41572,2,5.9e-06,4.72
9160,7.420863,2,5.76e-06,4.7
9170,7.367499,2,5.63e-06,4.76
9180,7.453335,1,5.49e-06,4.66
9190,7.43374,2,5.36e-06,4.71
9200,7.437079,2,5.23e-06,4.69
9210,7.447115,2,5.1e-06,4.68
9220,7.366299,2,4.98e-06,4.72
9230,7.391643,1,4.85e-06,4.68
9240,7.359938,1,4.72e-06,4.72
9250,7.390765,1,4.6e-06,4.74
9260,7.34282,1,4.48e-06,4.68
9270,7.419541,1,4.36e-06,4.7
9280,7.440254,2,4.24e-06,4.75
9290,7.45299,2,4.13e-06,4.69
9300,7.403767,2,4.01e-06,4.72
9310,7.403549,1,3.9e-06,4.72
9320,7.410399,1,3.79e-06,4.71
9330,7.447959,2,3.68e-06,4.69
9340,7.423076,2,3.57e-06,4.72
9350,7.437562,1,3.46e-06,4.66
9360,7.416871,2,3.36e-06,4.69
9370,7.399366,1,3.25e-06,4.7
9380,7.476102,2,3.15e-06,4.72
9390,7.45347,2,3.05e-06,4.7
9400,7.338953,2,2.95e-06,4.75
9410,7.505664,2,2.86e-06,4.74
9420,7.379526,2,2.76e-06,4.72
9430,7.367278,1,2.67e-06,4.63
9440,7.363977,1,2.57e-06,4.7
9450,7.457076,2,2.48e-06,4.71
9460,7.400641,1,2.39e-06,4.68
9470,7.381148,2,2.31e-06,4.72
9480,7.500242,2,2.22e-06,4.68
9490,7.419435,2,2.14e-06,4.7
9500,7.365449,2,2.05e-06,4.73
9510,7.414322,2,1.97e-06,19.34
9520,7.434831,2,1.89e-06,4.71
9530,7.368712,2,1.82e-06,4.67
9540,7.374647,1,1.74e-06,4.7
9550,7.450511,2,1.67e-06,4.66
9560,7.369923,1,1.59e-06,4.71
9570,7.394761,2,1.52e-06,4.71
9580,7.420704,2,1.45e-06,4.65
9590,7.4496,2,1.38e-06,4.68
9600,7.370463,2,1.32e-06,4.77
9610,7.440613,2,1.25e-06,4.68
9620,7.456723,1,1.19e-06,4.72
9630,7.373886,2,1.13e-06,4.73
9640,7.345992,1,1.07e-06,4.72
9650,7.414968,2,1.01e-06,4.75
9660,7.431875,2,9.5e-07,4.67
9670,7.394538,2,9e-07,4.68
9680,7.406581,2,8.4e-07,4.69
9690,7.392507,2,7.9e-07,4.73
9700,7.353362,2,7.4e-07,4.73
9710,7.443455,1,6.9e-07,4.71
9720,7.439782,1,6.5e-07,4.64
9730,7.460537,1,6e-07,4.72
9740,7.32651,2,5.6e-07,4.73
9750,7.350625,2,5.2e-07,4.67
9760,7.396491,1,4.8e-07,4.68
9770,7.454328,1,4.4e-07,4.69
9780,7.360998,2,4e-07,4.72
9790,7.427492,2,3.7e-07,4.72
9800,7.395027,2,3.3e-07,4.73
9810,7.413268,2,3e-07,4.72
9820,7.370521,1,2.7e-07,4.72
9830,7.412783,4,2.4e-07,4.7
9840,7.448391,2,2.1e-07,4.73
9850,7.296555,1,1.9e-07,4.7
9860,7.401817,4,1.6e-07,4.74
9870,7.429414,2,1.4e-07,4.74
9880,7.306219,2,1.2e-07,4.74
9890,7.343231,2,1e-07,4.67
9900,7.437001,2,8e-08,4.76
9910,7.384067,2,7e-08,4.7
9920,7.391716,2,5e-08,4.73
9930,7.44923,2,4e-08,4.73
9940,7.403781,2,3e-08,4.75
9950,7.42324,1,2e-08,4.66
9960,7.400414,2,1e-08,4.74
9970,7.329987,1,1e-08,4.73
9980,7.482839,2,0.0,4.72
9990,7.458029,2,0.0,4.74
10000,7.466045,1,0.0,4.72
