timestamp_utc,campaign_status,memory_free_percent,swap_used_mb
2026-07-19T06:07:45.384504+00:00,running,19,2257.44
2026-07-19T06:08:45.495792+00:00,running,19,2310.19
2026-07-19T06:09:45.614560+00:00,running,22,2343.56
2026-07-19T06:10:45.739276+00:00,running,22,2335.56
2026-07-19T06:11:45.939471+00:00,running,20,2449.62
2026-07-19T06:12:46.002975+00:00,running,20,2433.62
2026-07-19T06:13:46.158100+00:00,running,23,2409.62
2026-07-19T06:14:46.328551+00:00,running,22,2393.62
2026-07-19T06:15:46.386372+00:00,running,21,2377.62
2026-07-19T06:16:46.564199+00:00,running,21,2369.62
2026-07-19T06:17:46.744684+00:00,running,22,2374.56
2026-07-19T06:18:46.809661+00:00,running,21,2366.56
2026-07-19T06:19:46.869232+00:00,running,21,2350.56
2026-07-19T06:20:46.911077+00:00,running,21,2342.56
2026-07-19T06:21:46.935497+00:00,running,20,2342.56
2026-07-19T06:22:47.107076+00:00,running,20,2317.56
2026-07-19T06:23:47.182613+00:00,running,20,2317.56
2026-07-19T06:24:47.264200+00:00,running,20,2316.38
2026-07-19T06:25:47.411232+00:00,running,20,2316.38
2026-07-19T06:26:47.516557+00:00,running,21,2337.06
2026-07-19T06:27:47.686223+00:00,running,21,2329.06
2026-07-19T06:28:47.827575+00:00,running,20,2341.69
2026-07-19T06:29:47.922317+00:00,running,21,2333.69
2026-07-19T06:30:48.067918+00:00,running,20,2342.06
2026-07-19T06:31:48.117421+00:00,running,19,2302.06
2026-07-19T06:32:48.223120+00:00,running,20,2337.81
2026-07-19T06:33:48.262764+00:00,running,19,2321.81
2026-07-19T06:34:48.321431+00:00,running,21,2370.88
2026-07-19T06:35:48.507929+00:00,running,19,2333.56
2026-07-19T06:36:48.626368+00:00,running,19,2285.56
2026-07-19T06:37:48.820219+00:00,running,19,2277.94
2026-07-19T06:38:48.993966+00:00,running,20,2268.62
2026-07-19T06:39:49.158471+00:00,running,19,2244.62
2026-07-19T06:40:49.355233+00:00,running,18,2238.69
2026-07-19T06:41:49.411975+00:00,running,18,2250.56
2026-07-19T06:42:49.558899+00:00,running,22,2278.19
2026-07-19T06:43:49.736601+00:00,running,20,2262.19
2026-07-19T06:44:49.916967+00:00,running,19,2238.19
2026-07-19T06:45:50.013324+00:00,running,18,2244.88
2026-07-19T06:46:50.183347+00:00,running,20,2258.56
2026-07-19T06:47:50.238390+00:00,running,20,2276.12
2026-07-19T06:48:50.415913+00:00,running,19,2268.12
2026-07-19T06:49:50.529381+00:00,running,19,2259.0
2026-07-19T06:50:50.581126+00:00,running,20,2292.06
2026-07-19T06:51:50.682761+00:00,running,21,2284.06
2026-07-19T06:52:50.861088+00:00,running,21,2276.06
2026-07-19T06:53:51.041005+00:00,running,18,2295.88
2026-07-19T06:54:51.203800+00:00,running,18,2285.38
2026-07-19T06:55:51.425486+00:00,running,19,2269.62
2026-07-19T06:56:51.498057+00:00,running,17,2290.75
2026-07-19T06:57:51.675597+00:00,running,19,2259.06
2026-07-19T06:58:51.770581+00:00,running,19,2288.81
2026-07-19T06:59:51.922729+00:00,running,21,2268.25
2026-07-19T07:00:52.063333+00:00,running,19,2216.69
2026-07-19T07:01:52.200323+00:00,running,20,2239.56
2026-07-19T07:02:52.232326+00:00,running,18,2240.69
2026-07-19T07:03:52.480207+00:00,running,22,2281.5
2026-07-19T07:04:52.513446+00:00,running,21,2288.12
2026-07-19T07:05:52.619886+00:00,running,20,2327.25
2026-07-19T07:06:52.867713+00:00,running,19,2333.06
2026-07-19T07:07:52.942717+00:00,running,19,2475.31
2026-07-19T07:08:53.114064+00:00,running,20,2419.56
2026-07-19T07:09:53.272742+00:00,running,21,2379.56
2026-07-19T07:10:53.464736+00:00,running,21,2355.56
2026-07-19T07:11:53.644381+00:00,running,19,2331.56
2026-07-19T07:12:53.820568+00:00,running,21,2312.31
2026-07-19T07:13:54.020581+00:00,running,20,2302.69
2026-07-19T07:14:54.064045+00:00,running,20,2316.44
2026-07-19T07:15:54.123580+00:00,running,20,2367.38
2026-07-19T07:16:54.306323+00:00,running,21,2362.88
2026-07-19T07:17:54.370421+00:00,running,20,2330.88
2026-07-19T07:18:54.542603+00:00,running,19,2306.88
2026-07-19T07:19:54.611297+00:00,running,19,2298.88
2026-07-19T07:20:54.732987+00:00,running,21,2382.81
2026-07-19T07:21:54.912542+00:00,running,23,2529.25
2026-07-19T07:22:55.088803+00:00,running,19,2457.25
2026-07-19T07:23:55.403895+00:00,running,22,2702.25
2026-07-19T07:24:55.547951+00:00,running,31,2590.19
2026-07-19T07:25:55.724572+00:00,running,22,2534.19
2026-07-19T07:26:55.914088+00:00,running,19,2446.19
2026-07-19T07:27:56.107640+00:00,running,18,2426.75
2026-07-19T07:28:56.313139+00:00,running,19,2455.19
2026-07-19T07:29:56.409035+00:00,running,21,2482.88
2026-07-19T07:30:56.612845+00:00,running,20,2497.12
2026-07-19T07:31:56.649292+00:00,running,19,2449.0
2026-07-19T07:32:56.841316+00:00,running,18,2439.56
2026-07-19T07:33:57.055522+00:00,running,21,2487.69
2026-07-19T07:34:57.127143+00:00,running,21,2463.69
2026-07-19T07:35:57.255852+00:00,running,19,2439.69
2026-07-19T07:36:57.328832+00:00,running,18,2490.62
2026-07-19T07:37:57.513835+00:00,running,21,2483.19
2026-07-19T07:38:57.705586+00:00,running,21,2482.19
2026-07-19T07:39:57.787436+00:00,running,20,2458.19
2026-07-19T07:40:58.061521+00:00,running,20,2492.5
2026-07-19T07:41:58.134578+00:00,running,21,2577.88
2026-07-19T07:42:58.304180+00:00,running,21,2521.88
2026-07-19T07:43:58.345122+00:00,running,19,2473.88
2026-07-19T07:44:58.532913+00:00,running,18,2465.88
2026-07-19T07:45:58.589071+00:00,running,18,2691.69
2026-07-19T07:46:58.720572+00:00,running,21,2704.94
2026-07-19T07:47:58.824552+00:00,running,24,2736.31
2026-07-19T07:48:59.041266+00:00,running,22,2704.31
2026-07-19T07:49:59.167463+00:00,running,22,2664.31
2026-07-19T07:50:59.339292+00:00,running,20,2632.31
2026-07-19T07:51:59.380924+00:00,running,20,2571.12
2026-07-19T07:52:59.443828+00:00,running,20,2540.56
2026-07-19T07:53:59.513832+00:00,running,18,2577.69
2026-07-19T07:54:59.545397+00:00,running,19,2643.88
2026-07-19T07:55:59.666465+00:00,running,20,2697.12
2026-07-19T07:56:59.885290+00:00,running,19,2641.12
2026-07-19T07:58:00.237797+00:00,running,18,2611.38
2026-07-19T07:59:00.302847+00:00,running,19,2628.06
2026-07-19T08:00:00.483534+00:00,running,17,2583.88
2026-07-19T08:01:00.541299+00:00,running,20,2599.31
2026-07-19T08:02:00.626029+00:00,running,18,2528.06
2026-07-19T08:03:00.701774+00:00,running,17,2567.06
2026-07-19T08:04:00.811264+00:00,running,19,2584.75
2026-07-19T08:05:01.005367+00:00,running,19,2608.56
2026-07-19T08:06:01.050850+00:00,running,19,2560.56
2026-07-19T08:07:01.220964+00:00,running,19,2556.31
2026-07-19T08:08:01.356127+00:00,running,18,2546.5
2026-07-19T08:09:01.577019+00:00,running,18,2586.0
2026-07-19T08:10:01.860085+00:00,running,21,2713.44
2026-07-19T08:11:01.962870+00:00,running,19,2641.44
2026-07-19T08:12:02.088234+00:00,running,18,2616.56
2026-07-19T08:13:02.281882+00:00,running,19,2600.62
2026-07-19T08:14:02.388042+00:00,running,18,2631.19
2026-07-19T08:15:02.413078+00:00,running,20,2616.56
2026-07-19T08:16:02.496289+00:00,running,18,2568.56
2026-07-19T08:17:02.615809+00:00,running,18,2643.75
2026-07-19T08:18:02.803831+00:00,running,20,2702.0
2026-07-19T08:19:02.916359+00:00,running,26,2720.94
2026-07-19T08:20:03.120060+00:00,running,21,2676.69
2026-07-19T08:21:03.189504+00:00,running,18,2633.62
2026-07-19T08:22:03.257518+00:00,running,18,2649.75
2026-07-19T08:23:03.373472+00:00,running,20,2638.19
2026-07-19T08:24:03.477437+00:00,running,21,2622.38
2026-07-19T08:25:03.552618+00:00,running,19,2576.19
2026-07-19T08:26:03.611358+00:00,running,20,2658.56
2026-07-19T08:27:03.723940+00:00,running,21,2733.56
2026-07-19T08:28:03.894103+00:00,running,20,2677.56
2026-07-19T08:29:03.999653+00:00,running,20,2629.56
2026-07-19T08:30:04.180332+00:00,running,18,2629.44
2026-07-19T08:31:04.259373+00:00,running,20,2597.75
2026-07-19T08:32:04.368398+00:00,running,19,2590.0
2026-07-19T08:33:04.488127+00:00,running,21,2636.94
2026-07-19T08:34:04.636444+00:00,running,19,2599.44
2026-07-19T08:35:04.811248+00:00,running,19,2576.38
2026-07-19T08:36:04.993366+00:00,running,20,2635.44
2026-07-19T08:37:05.083434+00:00,running,20,2587.44
2026-07-19T08:38:05.139095+00:00,running,21,2571.62
2026-07-19T08:39:05.296052+00:00,running,19,2577.62
2026-07-19T08:40:05.335863+00:00,running,20,2570.62
2026-07-19T08:41:05.396815+00:00,running,19,2551.5
2026-07-19T08:42:05.562646+00:00,running,21,2625.06
2026-07-19T08:43:05.763620+00:00,running,20,2603.5
2026-07-19T08:44:05.860307+00:00,running,18,2563.5
2026-07-19T08:45:06.008721+00:00,running,18,2578.81
2026-07-19T08:46:06.208931+00:00,running,22,2720.06
2026-07-19T08:47:06.407289+00:00,running,21,2719.94
2026-07-19T08:48:06.507394+00:00,running,18,2700.62
2026-07-19T08:49:06.705206+00:00,running,19,2692.88
2026-07-19T08:50:06.742360+00:00,running,20,2759.81
2026-07-19T08:51:06.904211+00:00,running,21,2798.62
2026-07-19T08:52:07.032461+00:00,running,19,2710.5
2026-07-19T08:53:07.151093+00:00,running,20,2719.0
2026-07-19T08:54:07.239494+00:00,running,19,2703.0
2026-07-19T08:55:07.415127+00:00,running,19,2749.25
2026-07-19T08:56:07.590276+00:00,running,20,2717.5
2026-07-19T08:57:07.723958+00:00,running,20,2796.62
2026-07-19T08:58:07.887618+00:00,running,19,2811.88
2026-07-19T08:59:07.983915+00:00,running,18,2780.12
2026-07-19T09:00:08.044804+00:00,running,16,2829.25
2026-07-19T09:01:08.115465+00:00,running,18,2968.12
2026-07-19T09:02:08.315105+00:00,running,17,3119.0
2026-07-19T09:03:08.372160+00:00,running,18,3122.44
2026-07-19T09:04:08.457873+00:00,running,17,3100.12
2026-07-19T09:05:08.505025+00:00,running,17,3062.31
2026-07-19T09:06:08.583959+00:00,running,17,3079.75
2026-07-19T09:07:08.740781+00:00,running,17,3119.69
2026-07-19T09:08:08.893560+00:00,running,17,3108.19
2026-07-19T09:09:09.013732+00:00,running,17,3076.69
2026-07-19T09:10:09.242079+00:00,running,18,3093.44
2026-07-19T09:11:09.409820+00:00,running,20,3107.56
2026-07-19T09:12:09.476916+00:00,running,18,2923.56
2026-07-19T09:13:09.671878+00:00,running,18,2900.44
2026-07-19T09:14:10.100044+00:00,running,17,2874.0
2026-07-19T09:15:10.437550+00:00,running,17,2852.38
2026-07-19T09:16:10.483842+00:00,running,18,2872.81
2026-07-19T09:17:10.596581+00:00,running,17,2915.56
2026-07-19T09:18:10.661418+00:00,running,17,2889.62
2026-07-19T09:19:10.727425+00:00,running,19,2847.62
2026-07-19T09:20:10.834428+00:00,running,17,2916.19
2026-07-19T09:21:10.964571+00:00,running,17,2865.5
2026-07-19T09:22:11.160238+00:00,running,16,2903.75
2026-07-19T09:23:11.214165+00:00,running,16,2899.62
2026-07-19T09:24:11.334930+00:00,running,18,2865.31
2026-07-19T09:25:11.470008+00:00,running,18,2910.88
2026-07-19T09:26:11.586498+00:00,running,17,2897.25
2026-07-19T09:27:11.625109+00:00,running,17,2883.06
2026-07-19T09:28:11.712591+00:00,running,17,2922.5
2026-07-19T09:29:11.808199+00:00,running,18,2874.5
2026-07-19T09:30:11.932458+00:00,running,19,3019.31
2026-07-19T09:31:12.008458+00:00,running,17,2889.75
2026-07-19T09:32:12.127651+00:00,running,18,2958.06
2026-07-19T09:33:12.383902+00:00,running,16,3098.69
2026-07-19T09:34:12.621548+00:00,running,16,3074.75
2026-07-19T09:35:12.808101+00:00,running,17,3068.56
2026-07-19T09:36:12.969003+00:00,running,18,3056.69
2026-07-19T09:37:13.026363+00:00,running,17,3077.56
2026-07-19T09:38:13.064261+00:00,running,25,3057.06
2026-07-19T09:39:13.237959+00:00,running,17,3046.56
2026-07-19T09:40:13.353830+00:00,running,18,3098.69
2026-07-19T09:41:13.392323+00:00,running,17,3042.69
2026-07-19T09:42:13.570776+00:00,running,17,3048.69
2026-07-19T09:43:13.755501+00:00,running,18,3041.06
2026-07-19T09:44:13.920516+00:00,running,18,3029.88
2026-07-19T09:45:14.066947+00:00,running,18,3052.25
2026-07-19T09:46:14.157373+00:00,running,17,3038.62
2026-07-19T09:47:14.296240+00:00,running,17,3066.94
2026-07-19T09:48:14.330427+00:00,running,16,3022.0
2026-07-19T09:49:14.501115+00:00,running,17,3017.31
2026-07-19T09:50:14.601970+00:00,running,18,3077.69
2026-07-19T09:51:14.655354+00:00,running,18,3047.75
2026-07-19T09:52:14.719358+00:00,running,17,3059.0
2026-07-19T09:53:14.821801+00:00,running,18,3041.31
2026-07-19T09:54:14.901168+00:00,running,18,3048.38
2026-07-19T09:55:14.956844+00:00,running,18,3064.88
2026-07-19T09:56:15.004754+00:00,running,18,3054.06
2026-07-19T09:57:15.188279+00:00,running,25,3075.38
2026-07-19T09:58:15.313219+00:00,running,17,3043.94
2026-07-19T09:59:15.389783+00:00,running,18,3048.75
2026-07-19T10:00:15.449250+00:00,running,18,3078.81
2026-07-19T10:01:15.639540+00:00,running,17,3045.06
2026-07-19T10:02:15.851352+00:00,running,19,3082.06
2026-07-19T10:03:15.987736+00:00,running,17,3078.44
2026-07-19T10:04:16.080516+00:00,running,18,3038.44
2026-07-19T10:05:16.195805+00:00,running,19,3052.0
2026-07-19T10:06:16.259315+00:00,running,17,3156.31
2026-07-19T10:07:16.473641+00:00,running,17,3152.0
2026-07-19T10:08:16.673842+00:00,running,17,3126.06
2026-07-19T10:09:16.739698+00:00,running,17,3104.38
2026-07-19T10:10:16.825741+00:00,running,18,3130.62
2026-07-19T10:11:17.006469+00:00,running,19,3115.25
2026-07-19T10:12:17.128503+00:00,running,17,3100.75
2026-07-19T10:13:17.224186+00:00,running,18,3109.56
2026-07-19T10:14:17.422305+00:00,running,18,3119.94
2026-07-19T10:15:17.543490+00:00,running,18,3091.31
2026-07-19T10:16:17.614198+00:00,running,24,3111.0
2026-07-19T10:17:17.685044+00:00,running,19,3079.0
2026-07-19T10:18:17.806670+00:00,running,19,3112.5
2026-07-19T10:19:17.931311+00:00,running,17,3129.19
2026-07-19T10:20:18.108597+00:00,running,17,3147.19
2026-07-19T10:21:18.233683+00:00,running,18,3121.44
2026-07-19T10:22:18.424011+00:00,running,18,3132.12
2026-07-19T10:23:18.630650+00:00,running,18,3139.94
2026-07-19T10:24:18.762493+00:00,running,18,3130.19
2026-07-19T10:25:18.949063+00:00,running,18,3137.25
2026-07-19T10:26:19.073632+00:00,running,18,3105.25
2026-07-19T10:27:19.180378+00:00,running,17,3136.94
2026-07-19T10:28:19.363845+00:00,running,17,3130.44
2026-07-19T10:29:19.441513+00:00,running,17,3113.0
2026-07-19T10:30:19.535380+00:00,running,16,3109.44
2026-07-19T10:31:19.731358+00:00,running,17,3127.75
2026-07-19T10:32:19.943947+00:00,running,17,3126.19
2026-07-19T10:33:20.036660+00:00,running,17,3081.5
2026-07-19T10:34:20.111757+00:00,running,18,3075.88
2026-07-19T10:35:20.274877+00:00,running,27,3093.62
2026-07-19T10:36:20.503086+00:00,running,18,3114.75
2026-07-19T10:37:20.684941+00:00,running,17,3115.75
2026-07-19T10:38:20.807605+00:00,running,17,3104.62
2026-07-19T10:39:20.888066+00:00,running,17,3115.81
2026-07-19T10:40:20.948029+00:00,running,18,3106.0
2026-07-19T10:41:21.126126+00:00,running,18,3125.81
2026-07-19T10:42:21.329372+00:00,running,17,3123.5
2026-07-19T10:43:21.510560+00:00,running,18,3129.94
2026-07-19T10:44:21.567436+00:00,running,18,3130.94
2026-07-19T10:45:21.742396+00:00,running,17,3097.75
2026-07-19T10:46:21.945756+00:00,running,16,3113.0
2026-07-19T10:47:22.074856+00:00,running,17,3115.94
2026-07-19T10:48:22.145498+00:00,running,17,3097.62
2026-07-19T10:49:22.196820+00:00,running,23,3099.12
2026-07-19T10:50:22.385239+00:00,running,16,3101.06
2026-07-19T10:51:22.553047+00:00,running,19,2309.0
2026-07-19T10:52:22.657359+00:00,running,19,2641.88
2026-07-19T10:53:22.723235+00:00,running,16,2561.31
2026-07-19T10:54:22.876368+00:00,running,18,2510.06
2026-07-19T10:55:22.945640+00:00,running,16,2468.44
2026-07-19T10:56:23.019730+00:00,running,20,2527.5
2026-07-19T10:57:23.093555+00:00,running,17,2520.81
2026-07-19T10:58:23.249407+00:00,running,18,2508.19
2026-07-19T10:59:23.344098+00:00,running,18,2469.88
2026-07-19T11:00:23.391422+00:00,running,20,2457.69
2026-07-19T11:01:23.548417+00:00,running,21,2478.69
2026-07-19T11:02:23.703563+00:00,running,18,2591.25
2026-07-19T11:03:23.899122+00:00,running,16,2481.38
2026-07-19T11:04:23.987293+00:00,running,20,2422.81
2026-07-19T11:05:24.079049+00:00,running,21,2587.5
2026-07-19T11:06:24.171254+00:00,running,20,2490.62
2026-07-19T11:07:24.237186+00:00,running,16,2524.25
2026-07-19T11:08:24.349640+00:00,running,16,2483.12
2026-07-19T11:09:24.554131+00:00,running,17,2400.31
2026-07-19T11:10:24.692916+00:00,running,17,2436.5
2026-07-19T11:11:24.897724+00:00,running,17,2417.12
2026-07-19T11:12:25.029975+00:00,running,17,2449.12
2026-07-19T11:13:25.219728+00:00,running,19,2436.44
2026-07-19T11:14:25.286091+00:00,running,17,2380.44
2026-07-19T11:15:25.412673+00:00,running,17,2396.0
2026-07-19T11:16:25.575394+00:00,running,17,2403.75
2026-07-19T11:17:25.778053+00:00,running,16,2408.5
2026-07-19T11:18:25.949339+00:00,running,18,2400.69
2026-07-19T11:19:25.986940+00:00,running,18,2404.69
2026-07-19T11:20:26.158001+00:00,running,18,2406.94
2026-07-19T11:21:26.332839+00:00,running,17,2415.38
2026-07-19T11:22:26.526320+00:00,running,17,2444.75
2026-07-19T11:23:26.729746+00:00,running,19,2386.75
2026-07-19T11:24:26.773557+00:00,running,18,2376.25
2026-07-19T11:25:26.985308+00:00,running,18,2389.38
2026-07-19T11:26:27.023650+00:00,running,18,2396.44
2026-07-19T11:27:27.200423+00:00,running,24,2430.5
2026-07-19T11:28:27.380480+00:00,running,18,2397.56
2026-07-19T11:29:27.575554+00:00,running,18,2434.75
2026-07-19T11:30:27.722183+00:00,running,18,2454.31
2026-07-19T11:31:27.929992+00:00,running,17,2431.25
2026-07-19T11:32:28.114736+00:00,running,19,2408.38
2026-07-19T11:33:28.230999+00:00,running,17,2406.69
2026-07-19T11:34:28.272980+00:00,running,18,2411.62
2026-07-19T11:35:28.451619+00:00,running,18,2496.12
2026-07-19T11:36:28.635018+00:00,running,18,2457.56
2026-07-19T11:37:28.743827+00:00,running,18,2384.56
2026-07-19T11:38:28.893890+00:00,running,17,2409.5
2026-07-19T11:39:29.097024+00:00,running,17,2394.75
2026-07-19T11:40:29.186464+00:00,running,16,2475.0
2026-07-19T11:41:29.369140+00:00,running,17,2442.62
2026-07-19T11:42:29.541215+00:00,running,16,2394.62
2026-07-19T11:43:29.608160+00:00,running,17,2531.19
2026-07-19T11:44:29.777512+00:00,running,17,2500.19
2026-07-19T11:45:29.967669+00:00,running,17,2458.62
2026-07-19T11:46:30.086110+00:00,running,24,2466.94
2026-07-19T11:47:30.151250+00:00,running,18,2441.31
2026-07-19T11:48:30.341130+00:00,running,17,2475.56
2026-07-19T11:49:30.505815+00:00,running,17,2475.44
2026-07-19T11:50:30.674394+00:00,running,18,2510.06
2026-07-19T11:51:30.857739+00:00,running,18,2462.06
2026-07-19T11:52:31.042038+00:00,running,17,2485.12
2026-07-19T11:53:31.244927+00:00,running,17,2455.44
2026-07-19T11:54:31.444303+00:00,running,17,2471.06
2026-07-19T11:55:31.523897+00:00,running,17,2503.5
2026-07-19T11:56:31.623893+00:00,running,18,2463.5
2026-07-19T11:57:31.720859+00:00,running,17,2800.56
2026-07-19T11:58:31.828905+00:00,running,16,2752.56
2026-07-19T11:59:31.885445+00:00,running,21,2678.25
2026-07-19T12:00:32.092345+00:00,running,17,2504.94
2026-07-19T12:01:32.306643+00:00,running,17,2424.94
2026-07-19T12:02:32.515846+00:00,running,17,2487.94
2026-07-19T12:03:32.616578+00:00,running,17,2493.12
2026-07-19T12:04:32.695887+00:00,running,16,2508.19
2026-07-19T12:05:32.770454+00:00,running,18,2515.44
2026-07-19T12:06:32.832675+00:00,running,16,2480.56
2026-07-19T12:07:32.900062+00:00,running,17,2509.94
2026-07-19T12:08:33.029161+00:00,running,17,2500.94
2026-07-19T12:09:33.193641+00:00,running,17,2493.06
2026-07-19T12:10:33.301070+00:00,running,22,2406.06
2026-07-19T12:11:33.386987+00:00,running,17,2406.31
2026-07-19T12:12:33.464671+00:00,running,19,2405.62
2026-07-19T12:13:33.553029+00:00,running,19,2381.62
2026-07-19T12:14:33.681446+00:00,running,19,2421.25
2026-07-19T12:15:33.726111+00:00,running,20,2389.25
2026-07-19T12:16:33.867909+00:00,running,19,2373.25
2026-07-19T12:17:33.982424+00:00,running,19,2179.0
2026-07-19T12:18:34.026413+00:00,running,21,2237.44
2026-07-19T12:19:34.184742+00:00,running,21,2235.31
2026-07-19T12:20:34.242219+00:00,running,20,2227.31
2026-07-19T12:21:34.305605+00:00,running,21,2219.31
2026-07-19T12:22:34.351216+00:00,running,20,2211.31
2026-07-19T12:23:34.415782+00:00,running,20,2223.06
2026-07-19T12:24:34.555040+00:00,running,18,2242.12
2026-07-19T12:25:34.673544+00:00,running,20,2271.5
2026-07-19T12:26:34.766908+00:00,running,19,2231.5
2026-07-19T12:27:34.856792+00:00,running,20,2227.0
2026-07-19T12:28:35.014868+00:00,running,20,2195.0
2026-07-19T12:29:35.186018+00:00,running,19,2179.0
2026-07-19T12:30:35.400199+00:00,running,20,2232.56
2026-07-19T12:31:35.540644+00:00,running,20,2227.56
2026-07-19T12:32:35.715083+00:00,running,21,2281.44
2026-07-19T12:33:35.817055+00:00,running,19,2163.56
2026-07-19T12:34:35.874736+00:00,running,19,2187.19
2026-07-19T12:35:36.064994+00:00,running,21,2237.19
2026-07-19T12:36:36.158710+00:00,running,20,2229.19
2026-07-19T12:37:36.331879+00:00,running,21,2245.75
2026-07-19T12:38:36.493566+00:00,running,20,2229.75
2026-07-19T12:39:36.659744+00:00,running,22,2241.94
2026-07-19T12:40:36.836388+00:00,running,20,2193.94
2026-07-19T12:41:36.948326+00:00,running,21,2254.62
2026-07-19T12:42:37.029837+00:00,running,20,2182.62
2026-07-19T12:43:37.056054+00:00,running,20,2166.62
2026-07-19T12:44:37.191849+00:00,running,22,2272.44
2026-07-19T12:45:37.276451+00:00,running,22,2256.44
2026-07-19T12:46:37.474377+00:00,running,20,2200.44
2026-07-19T12:47:37.579435+00:00,running,19,2180.19
2026-07-19T12:48:37.738097+00:00,running,22,2227.56
2026-07-19T12:49:37.891425+00:00,running,21,2211.56
2026-07-19T12:50:38.082252+00:00,running,20,2230.88
2026-07-19T12:51:38.201923+00:00,running,20,2214.88
2026-07-19T12:52:38.228616+00:00,running,21,2227.62
2026-07-19T12:53:38.393883+00:00,running,20,2195.62
2026-07-19T12:54:38.566220+00:00,running,20,2179.62
2026-07-19T12:55:38.690941+00:00,running,19,2163.62
2026-07-19T12:56:38.863385+00:00,running,21,2235.5
2026-07-19T12:57:39.020377+00:00,running,21,2227.5
2026-07-19T12:58:39.068550+00:00,running,21,2211.5
2026-07-19T12:59:39.176725+00:00,running,21,2203.5
2026-07-19T13:00:39.243606+00:00,running,21,2208.25
2026-07-19T13:01:39.274232+00:00,running,20,2176.25
2026-07-19T13:02:39.435257+00:00,running,20,2200.94
2026-07-19T13:03:39.624431+00:00,running,20,2192.94
2026-07-19T13:04:39.667128+00:00,running,19,2184.94
2026-07-19T13:05:39.842398+00:00,running,21,2218.06
2026-07-19T13:06:40.035983+00:00,running,19,2189.19
2026-07-19T13:07:40.199495+00:00,running,21,2316.94
2026-07-19T13:08:40.261713+00:00,running,22,2297.25
2026-07-19T13:09:40.442187+00:00,running,21,2283.44
2026-07-19T13:10:40.650467+00:00,running,20,2282.38
2026-07-19T13:11:40.747920+00:00,running,18,2250.38
2026-07-19T13:12:40.942715+00:00,running,20,2220.06
2026-07-19T13:13:41.090299+00:00,running,22,2210.94
2026-07-19T13:14:41.157532+00:00,running,22,2202.94
2026-07-19T13:15:41.337563+00:00,running,19,2170.94
2026-07-19T13:16:41.525560+00:00,running,19,2191.56
2026-07-19T13:17:41.724670+00:00,running,22,2231.81
2026-07-19T13:18:41.844074+00:00,running,22,2199.81
2026-07-19T13:19:42.015520+00:00,running,21,2191.81
2026-07-19T13:20:42.175804+00:00,running,21,2183.81
2026-07-19T13:21:42.229951+00:00,running,22,2197.69
2026-07-19T13:22:42.366609+00:00,running,20,2195.69
2026-07-19T13:23:42.511899+00:00,running,20,2171.69
2026-07-19T13:24:42.589795+00:00,running,19,2167.62
2026-07-19T13:25:42.630828+00:00,running,18,2157.44
2026-07-19T13:26:42.673673+00:00,running,22,2198.0
2026-07-19T13:27:42.718576+00:00,running,20,2190.0
2026-07-19T13:28:42.763004+00:00,running,19,2174.0
2026-07-19T13:29:42.848375+00:00,running,19,2158.0
2026-07-19T13:30:42.979167+00:00,running,20,2196.69
2026-07-19T13:31:43.147553+00:00,running,19,2164.69
2026-07-19T13:32:43.313371+00:00,running,18,2215.12
2026-07-19T13:33:43.511155+00:00,running,19,2272.62
2026-07-19T13:34:43.723240+00:00,running,21,2313.62
2026-07-19T13:35:43.821126+00:00,running,20,2305.62
2026-07-19T13:36:43.976414+00:00,running,19,2340.75
2026-07-19T13:37:44.067608+00:00,running,19,2353.25
2026-07-19T13:38:44.135527+00:00,running,20,2388.0
2026-07-19T13:39:44.169494+00:00,running,20,2372.0
2026-07-19T13:40:44.362048+00:00,running,20,2364.0
2026-07-19T13:41:44.482215+00:00,running,18,2286.69
2026-07-19T13:42:44.630053+00:00,running,17,2296.81
2026-07-19T13:43:44.813521+00:00,running,19,2310.5
2026-07-19T13:44:44.928117+00:00,running,19,2302.5
2026-07-19T13:45:45.068730+00:00,running,19,2298.5
2026-07-19T13:46:45.197550+00:00,running,18,2295.56
2026-07-19T13:47:45.256155+00:00,running,21,2340.38
2026-07-19T13:48:45.391902+00:00,running,20,2316.38
2026-07-19T13:49:45.454210+00:00,running,20,2292.38
2026-07-19T13:50:45.622023+00:00,running,20,2300.75
2026-07-19T13:51:45.777706+00:00,running,18,2284.75
2026-07-19T13:52:45.958033+00:00,running,19,2314.94
2026-07-19T13:53:46.126958+00:00,running,20,2290.94
2026-07-19T13:54:46.301690+00:00,running,18,2282.94
2026-07-19T13:55:46.346087+00:00,running,20,2323.81
2026-07-19T13:56:46.385936+00:00,running,23,2395.25
2026-07-19T13:57:46.484314+00:00,running,18,2363.25
2026-07-19T13:58:46.642687+00:00,running,20,2339.25
2026-07-19T13:59:46.742863+00:00,running,21,2339.25
2026-07-19T14:00:46.911272+00:00,running,20,2307.25
2026-07-19T14:01:46.948252+00:00,running,20,2320.06
2026-07-19T14:02:47.048489+00:00,running,18,2304.06
2026-07-19T14:03:47.103905+00:00,running,19,2280.06
2026-07-19T14:04:47.248266+00:00,running,20,2456.44
2026-07-19T14:05:47.345664+00:00,running,22,2398.38
2026-07-19T14:06:47.483976+00:00,running,18,2334.38
2026-07-19T14:07:47.686420+00:00,running,19,2317.06
2026-07-19T14:08:47.798761+00:00,running,19,2312.06
2026-07-19T14:09:47.908055+00:00,running,19,2320.06
2026-07-19T14:10:47.943867+00:00,running,22,2370.69
2026-07-19T14:11:48.026411+00:00,running,21,2346.69
2026-07-19T14:12:48.137702+00:00,running,18,2331.69
2026-07-19T14:13:48.339419+00:00,running,20,2310.44
2026-07-19T14:14:48.520940+00:00,running,22,2365.56
2026-07-19T14:15:48.647575+00:00,running,19,2330.75
2026-07-19T14:16:48.869335+00:00,running,18,2368.31
2026-07-19T14:17:49.028844+00:00,running,18,2329.0
2026-07-19T14:18:49.181015+00:00,running,20,2366.25
2026-07-19T14:19:49.358327+00:00,running,21,2350.56
2026-07-19T14:20:49.531936+00:00,running,18,2318.56
2026-07-19T14:21:49.671315+00:00,running,19,2325.44
2026-07-19T14:22:49.706675+00:00,running,18,2312.31
2026-07-19T14:23:49.802388+00:00,running,21,2397.31
2026-07-19T14:24:49.980212+00:00,running,21,2357.31
2026-07-19T14:25:50.125386+00:00,running,20,2317.31
2026-07-19T14:26:50.282751+00:00,running,18,2306.38
2026-07-19T14:27:50.419979+00:00,running,19,2334.69
2026-07-19T14:28:50.594657+00:00,running,22,2386.69
2026-07-19T14:29:50.655325+00:00,running,22,2362.69
2026-07-19T14:30:50.805771+00:00,running,18,2223.69
2026-07-19T14:31:50.977674+00:00,running,19,2257.56
2026-07-19T14:32:51.041861+00:00,running,21,2325.56
2026-07-19T14:33:51.103275+00:00,running,21,2301.56
2026-07-19T14:34:51.256250+00:00,running,19,2237.56
2026-07-19T14:35:51.466996+00:00,running,20,2276.69
2026-07-19T14:36:51.665696+00:00,running,21,2289.62
2026-07-19T14:37:51.808243+00:00,running,21,2265.62
2026-07-19T14:38:51.939446+00:00,running,20,2225.62
2026-07-19T14:39:52.023773+00:00,running,19,2217.62
2026-07-19T14:40:52.119321+00:00,running,18,2210.5
2026-07-19T14:41:52.200968+00:00,running,22,2280.69
2026-07-19T14:42:52.388390+00:00,running,21,2256.69
2026-07-19T14:43:52.563530+00:00,running,21,2232.69
2026-07-19T14:44:52.604610+00:00,running,20,2216.69
2026-07-19T14:45:52.786709+00:00,running,20,2242.0
2026-07-19T14:46:52.973572+00:00,running,19,2307.25
2026-07-19T14:47:53.055176+00:00,running,18,2294.5
2026-07-19T14:48:53.192851+00:00,running,19,2267.19
2026-07-19T14:49:53.320067+00:00,running,19,2273.31
2026-07-19T14:50:53.377114+00:00,running,21,2329.19
2026-07-19T14:51:53.453226+00:00,running,20,2307.81
2026-07-19T14:52:53.537658+00:00,running,19,2291.81
2026-07-19T14:53:53.717896+00:00,running,18,2267.81
2026-07-19T14:54:53.744686+00:00,running,18,2259.81
2026-07-19T14:55:53.796427+00:00,running,20,2312.12
2026-07-19T14:56:53.913092+00:00,running,19,2296.12
2026-07-19T14:57:53.967567+00:00,running,18,2288.12
2026-07-19T14:58:54.131293+00:00,running,21,2295.44
2026-07-19T14:59:54.269152+00:00,running,18,2312.0
2026-07-19T15:00:54.324305+00:00,running,18,2272.0
2026-07-19T15:01:54.498219+00:00,running,18,2254.25
2026-07-19T15:02:54.674662+00:00,running,18,2272.75
2026-07-19T15:03:54.857778+00:00,running,19,2303.88
2026-07-19T15:04:55.082674+00:00,running,17,2414.69
2026-07-19T15:05:55.175041+00:00,running,19,2518.56
2026-07-19T15:06:55.206599+00:00,running,18,2502.56
2026-07-19T15:07:55.291791+00:00,running,17,2466.44
2026-07-19T15:08:55.364350+00:00,running,16,2458.44
2026-07-19T15:09:55.540493+00:00,running,18,2434.44
2026-07-19T15:10:55.737198+00:00,running,17,2442.5
2026-07-19T15:11:55.849289+00:00,running,17,2466.56
2026-07-19T15:12:56.053294+00:00,running,16,2505.0
2026-07-19T15:13:56.193902+00:00,running,19,2500.19
2026-07-19T15:14:56.234145+00:00,running,19,2476.19
2026-07-19T15:15:56.383976+00:00,running,18,2460.19
2026-07-19T15:16:56.562629+00:00,running,17,2459.12
2026-07-19T15:17:56.680428+00:00,running,16,2465.06
2026-07-19T15:18:56.806961+00:00,running,19,2460.88
2026-07-19T15:19:56.951661+00:00,running,18,2444.88
2026-07-19T15:20:57.154180+00:00,running,18,2472.56
2026-07-19T15:21:57.261587+00:00,running,17,2458.56
2026-07-19T15:22:57.296093+00:00,running,18,2450.56
2026-07-19T15:23:57.415692+00:00,running,19,2434.56
2026-07-19T15:24:57.440523+00:00,running,18,2434.56
2026-07-19T15:25:57.608159+00:00,running,17,2405.12
2026-07-19T15:26:57.668001+00:00,running,17,2437.12
2026-07-19T15:27:57.876399+00:00,running,24,2446.25
2026-07-19T15:28:57.971266+00:00,running,16,2403.19
2026-07-19T15:29:58.070111+00:00,running,17,2414.38
2026-07-19T15:30:58.272550+00:00,running,17,2427.75
2026-07-19T15:31:58.340243+00:00,running,17,2458.44
2026-07-19T15:32:58.500995+00:00,running,18,2467.12
2026-07-19T15:33:58.709298+00:00,running,17,2440.62
2026-07-19T15:34:58.922356+00:00,running,17,2448.62
2026-07-19T15:35:59.016864+00:00,running,17,2447.69
2026-07-19T15:36:59.157982+00:00,running,17,2444.94
2026-07-19T15:37:59.343927+00:00,running,19,2412.94
2026-07-19T15:38:59.501737+00:00,running,17,2380.94
2026-07-19T15:39:59.672861+00:00,running,18,2375.25
2026-07-19T15:40:59.734398+00:00,running,18,2432.44
2026-07-19T15:41:59.918638+00:00,running,17,2427.81
2026-07-19T15:43:00.026426+00:00,running,19,2404.75
2026-07-19T15:44:00.072595+00:00,running,18,2380.75
2026-07-19T15:45:00.252371+00:00,running,17,2356.75
2026-07-19T15:46:00.441762+00:00,running,17,2360.38
2026-07-19T15:47:00.505626+00:00,running,19,2363.31
2026-07-19T15:48:00.684231+00:00,running,18,2347.31
2026-07-19T15:49:00.757441+00:00,running,16,2330.69
2026-07-19T15:50:00.895648+00:00,running,16,2332.56
2026-07-19T15:51:01.100025+00:00,running,18,2397.06
2026-07-19T15:52:01.182767+00:00,running,17,2375.81
2026-07-19T15:53:01.268678+00:00,running,16,2404.5
2026-07-19T15:54:01.360820+00:00,running,17,2403.94
2026-07-19T15:55:01.410341+00:00,running,16,2431.69
2026-07-19T15:56:01.511330+00:00,running,18,2452.44
2026-07-19T15:57:01.568395+00:00,running,18,2436.44
2026-07-19T15:58:01.747728+00:00,running,18,2412.44
2026-07-19T15:59:01.895070+00:00,running,17,2388.44
2026-07-19T16:00:01.937893+00:00,running,16,2389.81
2026-07-19T16:01:02.023732+00:00,running,24,2426.75
2026-07-19T16:02:02.160826+00:00,running,17,2402.75
2026-07-19T16:03:02.246948+00:00,running,17,2410.38
2026-07-19T16:04:02.418186+00:00,running,17,2395.62
2026-07-19T16:05:02.593869+00:00,running,17,2447.81
2026-07-19T16:06:03.023712+00:00,running,18,2417.44
2026-07-19T16:07:03.221238+00:00,running,17,2521.38
2026-07-19T16:08:03.432329+00:00,running,17,2497.38
2026-07-19T16:09:03.631687+00:00,running,17,2446.06
2026-07-19T16:10:03.679270+00:00,running,17,2536.25
2026-07-19T16:11:03.847182+00:00,running,19,2512.25
2026-07-19T16:12:03.940403+00:00,running,17,2480.25
2026-07-19T16:13:04.143270+00:00,running,17,2462.12
2026-07-19T16:14:04.285460+00:00,running,18,2447.75
2026-07-19T16:15:04.352696+00:00,running,16,2471.88
2026-07-19T16:16:04.536739+00:00,running,19,2471.38
2026-07-19T16:17:04.604138+00:00,running,17,2447.38
2026-07-19T16:18:04.632808+00:00,running,17,2415.38
2026-07-19T16:19:04.689251+00:00,running,17,2421.31
2026-07-19T16:20:04.900635+00:00,running,21,2427.38
2026-07-19T16:21:04.977443+00:00,running,17,2419.38
2026-07-19T16:22:05.103829+00:00,running,17,2406.12
2026-07-19T16:23:05.245468+00:00,running,16,2493.25
2026-07-19T16:24:05.407152+00:00,running,17,2470.38
2026-07-19T16:25:05.605926+00:00,running,18,2489.0
2026-07-19T16:26:05.653918+00:00,running,18,2465.0
2026-07-19T16:27:05.820360+00:00,running,17,2474.12
2026-07-19T16:28:05.999710+00:00,running,17,2450.12
2026-07-19T16:29:06.182743+00:00,running,16,2464.12
2026-07-19T16:30:06.283549+00:00,running,17,2485.94
2026-07-19T16:31:06.465390+00:00,running,16,2455.38
2026-07-19T16:32:06.697679+00:00,running,16,2490.12
2026-07-19T16:33:06.826938+00:00,running,17,2488.56
2026-07-19T16:34:06.951812+00:00,running,16,2468.62
2026-07-19T16:35:07.082619+00:00,running,18,2508.0
2026-07-19T16:36:07.283090+00:00,running,17,2463.38
2026-07-19T16:37:07.489337+00:00,running,17,2454.62
2026-07-19T16:38:07.659163+00:00,running,17,2613.62
2026-07-19T16:39:07.861633+00:00,running,23,2530.56
2026-07-19T16:40:07.926220+00:00,running,18,2594.75
2026-07-19T16:41:08.105787+00:00,running,18,2570.75
2026-07-19T16:42:08.229546+00:00,running,17,2569.0
2026-07-19T16:43:08.353469+00:00,running,18,2562.31
2026-07-19T16:44:08.562790+00:00,running,17,2530.31
2026-07-19T16:45:08.645541+00:00,running,18,2589.94
2026-07-19T16:46:08.691896+00:00,running,17,2565.94
2026-07-19T16:47:08.916659+00:00,running,17,2567.75
2026-07-19T16:48:09.049736+00:00,running,17,2540.31
2026-07-19T16:49:09.225497+00:00,running,18,2508.31
2026-07-19T16:50:09.414523+00:00,running,17,2532.25
2026-07-19T16:51:09.459444+00:00,running,17,2524.25
2026-07-19T16:52:09.599048+00:00,running,17,2574.62
2026-07-19T16:53:09.742369+00:00,running,22,2579.81
2026-07-19T16:54:09.941647+00:00,running,16,2524.69
2026-07-19T16:55:10.035999+00:00,running,17,2556.62
2026-07-19T16:56:10.179618+00:00,running,18,2540.62
2026-07-19T16:57:10.358187+00:00,running,17,2529.19
2026-07-19T16:58:10.572971+00:00,running,18,2529.25
2026-07-19T16:59:10.710567+00:00,running,18,2513.25
2026-07-19T17:00:10.953918+00:00,running,19,2595.69
2026-07-19T17:01:11.130364+00:00,running,18,2555.69
2026-07-19T17:02:11.352820+00:00,running,17,2560.62
2026-07-19T17:03:11.441226+00:00,running,18,2544.62
2026-07-19T17:04:11.606453+00:00,running,17,2525.0
2026-07-19T17:05:11.682001+00:00,running,18,2588.19
2026-07-19T17:06:11.744218+00:00,running,18,2564.19
2026-07-19T17:07:11.917572+00:00,running,24,2549.0
2026-07-19T17:08:12.095057+00:00,running,17,2555.25
2026-07-19T17:09:12.293159+00:00,running,18,2561.5
2026-07-19T17:10:12.472021+00:00,running,18,2599.19
2026-07-19T17:11:12.653919+00:00,running,19,2543.19
2026-07-19T17:12:12.833819+00:00,running,20,2527.19
2026-07-19T17:13:13.047080+00:00,running,18,2495.19
2026-07-19T17:14:13.131268+00:00,running,17,2530.94
2026-07-19T17:15:13.323071+00:00,running,18,2584.12
2026-07-19T17:16:13.501120+00:00,running,18,2552.12
2026-07-19T17:17:13.673803+00:00,running,19,2528.12
2026-07-19T17:18:13.753592+00:00,running,18,2512.12
2026-07-19T17:19:13.839168+00:00,running,18,2480.12
2026-07-19T17:20:13.959385+00:00,running,19,2546.06
2026-07-19T17:21:14.067360+00:00,running,18,2514.06
2026-07-19T17:22:14.131353+00:00,running,18,2498.06
2026-07-19T17:23:14.312688+00:00,running,17,2482.06
2026-07-19T17:24:14.360877+00:00,running,18,2474.06
2026-07-19T17:25:14.516963+00:00,running,19,2524.5
2026-07-19T17:26:14.664842+00:00,running,19,2516.5
2026-07-19T17:27:14.834002+00:00,running,18,2509.5
2026-07-19T17:28:14.946284+00:00,running,18,2501.5
2026-07-19T17:29:15.026178+00:00,running,17,2493.5
2026-07-19T17:30:15.207291+00:00,running,19,2539.75
2026-07-19T17:31:15.264110+00:00,running,18,2472.62
2026-07-19T17:32:15.306241+00:00,running,18,2495.69
2026-07-19T17:33:15.363752+00:00,running,17,2479.69
2026-07-19T17:34:15.546587+00:00,running,17,2463.38
2026-07-19T17:35:15.727500+00:00,running,18,2538.25
2026-07-19T17:36:15.929966+00:00,running,17,2522.25
2026-07-19T17:37:15.967058+00:00,running,18,2490.25
2026-07-19T17:38:16.117817+00:00,running,17,2482.25
2026-07-19T17:39:16.336933+00:00,running,17,2501.88
2026-07-19T17:40:16.714537+00:00,running,20,2575.06
2026-07-19T17:41:16.909645+00:00,running,18,2503.06
2026-07-19T17:42:17.075253+00:00,running,17,2494.94
2026-07-19T17:43:17.238008+00:00,running,16,2619.5
2026-07-19T17:44:17.297728+00:00,running,17,2631.38
2026-07-19T17:45:17.365797+00:00,running,18,2567.38
2026-07-19T17:46:17.402806+00:00,running,17,2543.38
2026-07-19T17:47:17.459061+00:00,running,17,2567.81
2026-07-19T17:48:17.576025+00:00,running,17,2555.19
2026-07-19T17:49:17.743344+00:00,running,17,2557.88
2026-07-19T17:50:17.936427+00:00,running,18,2533.62
2026-07-19T17:51:17.975670+00:00,running,17,2517.62
2026-07-19T17:52:18.148399+00:00,running,16,2525.69
2026-07-19T17:53:18.175406+00:00,running,17,2545.94
2026-07-19T17:54:18.292246+00:00,running,24,2515.69
2026-07-19T17:55:18.470722+00:00,running,18,2506.06
2026-07-19T17:56:18.538911+00:00,running,17,2496.06
2026-07-19T17:57:18.723930+00:00,running,17,2516.12
2026-07-19T17:58:19.180570+00:00,running,17,2569.38
2026-07-19T17:59:19.271607+00:00,running,18,2545.38
2026-07-19T18:00:19.380280+00:00,running,18,2576.5
2026-07-19T18:01:19.548654+00:00,running,17,2528.5
2026-07-19T18:02:19.643129+00:00,running,17,2577.56
2026-07-19T18:03:19.775863+00:00,running,17,2551.75
2026-07-19T18:04:19.876939+00:00,running,17,2535.75
2026-07-19T18:05:19.973429+00:00,running,17,2552.19
2026-07-19T18:06:20.167898+00:00,running,17,2541.88
2026-07-19T18:07:20.280643+00:00,running,18,2592.44
2026-07-19T18:08:20.471568+00:00,running,16,2589.25
2026-07-19T18:09:20.527151+00:00,running,18,2565.25
2026-07-19T18:10:20.700884+00:00,running,17,2559.12
2026-07-19T18:11:20.925599+00:00,running,17,2503.12
2026-07-19T18:12:20.976723+00:00,running,17,2524.19
