step,train_loss,gradient_norm,q1_residual_rms,injected_noise_rms,bits_used,lr,elapsed_s
10,10.082263,8.234201,0.01710154,0.0,8,5.4e-06,5.19
20,9.523583,6.763824,0.01710159,0.0,8,1.14e-05,5.16
30,9.022953,3.985102,0.01710176,0.0,8,1.74e-05,5.13
40,8.786089,3.452641,0.01710201,0.0,8,2.34e-05,5.15
50,8.660129,3.422255,0.01710227,0.0,8,2.94e-05,5.15
60,8.506734,2.786708,0.0171025,0.0,8,3.54e-05,5.15
70,8.406866,2.473301,0.01710268,0.0,8,4.14e-05,5.18
80,8.360997,2.393194,0.01710286,0.0,8,4.74e-05,5.16
90,8.220185,2.091178,0.01710304,0.0,8,5.34e-05,5.14
100,8.099349,1.851748,0.01710325,0.0,8,5.94e-05,5.15
110,7.965158,1.759404,0.01710349,0.0,8,6.54e-05,5.15
120,7.849226,1.475192,0.01710376,0.0,8,7.14e-05,5.15
130,7.793438,1.645137,0.01710407,0.0,8,7.74e-05,5.14
140,7.704937,1.495695,0.01710444,0.0,8,8.34e-05,5.15
150,7.659785,1.236465,0.01710484,0.0,8,8.94e-05,5.13
160,7.579153,1.25215,0.01710532,0.0,8,9.54e-05,5.17
170,7.558285,1.24502,0.01710587,0.0,8,0.0001014,5.13
180,7.582797,1.253428,0.01710658,0.0,8,0.0001074,5.16
190,7.554512,1.210201,0.0171074,0.0,8,0.0001134,5.17
200,7.59867,1.154361,0.01710826,0.0,8,0.0001194,5.15
210,7.613707,1.285842,0.01710917,0.0,8,0.0001254,5.14
220,7.561805,1.308118,0.0171101,0.0,8,0.0001314,5.14
230,7.56496,1.202897,0.01711109,0.0,8,0.0001374,5.13
240,7.576607,1.394713,0.01711216,0.0,8,0.0001434,5.16
250,7.581462,1.17962,0.01711352,0.0,8,0.0001494,5.15
260,7.585348,1.06212,0.01711493,0.0,8,0.0001554,5.15
270,7.516754,1.136903,0.01711645,0.0,8,0.0001614,5.16
280,7.627352,1.089573,0.01711836,0.0,8,0.0001674,5.14
290,7.550674,1.061217,0.01712045,0.0,8,0.0001734,5.13
300,7.542212,1.133903,0.01712284,0.0,8,0.0001794,5.13
310,7.57742,1.116473,0.01712528,0.0,8,0.0001854,5.18
320,7.597978,1.084254,0.0171277,0.0,8,0.0001914,5.13
330,7.574174,0.993621,0.01713027,0.0,8,0.0001974,5.15
340,7.542779,1.147715,0.01713318,0.0,8,0.0002034,5.13
350,7.560444,1.008429,0.01713639,0.0,8,0.0002094,5.16
360,7.604444,1.038668,0.01713948,0.0,8,0.0002154,5.14
370,7.606431,1.146104,0.01714285,0.0,8,0.0002214,5.16
380,7.546837,1.245543,0.01714648,0.0,8,0.0002274,5.14
390,7.582697,1.049518,0.01715055,0.0,8,0.0002334,5.15
400,7.540463,1.050927,0.01715494,0.0,8,0.0002394,5.14
410,7.595358,1.043019,0.01715913,0.0,8,0.0002454,5.16
420,7.593907,1.179573,0.01716361,0.0,8,0.0002514,5.15
430,7.673553,1.051325,0.01716846,0.0,8,0.0002574,5.16
440,7.624577,1.182156,0.0171736,0.0,8,0.0002634,5.16
450,7.547153,1.007737,0.01717911,0.0,8,0.0002694,5.15
460,7.594801,1.087359,0.01718455,0.0,8,0.0002754,5.14
470,7.61982,0.977249,0.01719051,0.0,8,0.0002814,5.18
480,7.583144,1.015916,0.01719622,0.0,8,0.0002874,5.14
490,7.644353,0.97653,0.01720262,0.0,8,0.0002934,5.16
500,7.624983,0.939417,0.01720884,0.0,8,0.0002994,5.14
510,7.598539,1.092382,0.0172156,0.0,8,0.0003,21.03
520,7.524602,0.978978,0.01722294,0.0,8,0.0003,5.19
530,7.541682,0.909008,0.01723014,0.0,8,0.00029999,5.15
540,7.603985,1.044077,0.01723702,0.0,8,0.00029999,5.15
550,7.592436,1.013721,0.01724392,0.0,8,0.00029998,5.17
560,7.618406,0.915269,0.01725129,0.0,8,0.00029997,5.16
570,7.576175,0.951784,0.01725808,0.0,8,0.00029996,5.16
580,7.549688,0.943961,0.01726509,0.0,8,0.00029995,5.15
590,7.603466,0.923396,0.01727175,0.0,8,0.00029994,5.14
600,7.621182,0.876399,0.01727801,0.0,8,0.00029992,5.16
610,7.59654,1.046918,0.01728423,0.0,8,0.0002999,5.17
620,7.618454,0.91571,0.01729081,0.0,8,0.00029988,5.14
630,7.591013,0.972411,0.01729796,0.0,8,0.00029986,5.16
640,7.617643,0.916198,0.01730513,0.0,8,0.00029984,5.15
650,7.573316,0.930602,0.01731145,0.0,8,0.00029982,5.16
660,7.555934,1.001754,0.01731708,0.0,8,0.00029979,5.16
670,7.570617,0.90538,0.01732364,0.0,8,0.00029977,5.17
680,7.591418,0.950244,0.0173298,0.0,8,0.00029974,5.14
690,7.597482,0.867866,0.01733585,0.0,8,0.00029971,5.16
700,7.624847,0.989786,0.01734137,0.0,8,0.00029968,5.15
710,7.524923,0.936799,0.01734691,0.0,8,0.00029964,5.15
720,7.563722,0.87756,0.01735307,0.0,8,0.00029961,5.15
730,7.560105,0.942573,0.01735918,0.0,8,0.00029957,5.16
740,7.539775,0.824011,0.01736536,0.0,8,0.00029953,5.15
750,7.583488,0.900983,0.01737181,0.0,8,0.00029949,5.16
760,7.590183,0.967416,0.01737779,0.0,8,0.00029945,5.15
770,7.520275,0.879433,0.01738369,0.0,8,0.00029941,5.19
780,7.654215,0.911685,0.01738927,0.0,8,0.00029936,5.13
790,7.617792,0.81186,0.01739397,0.0,8,0.00029932,5.17
800,7.531093,0.867737,0.01739891,0.0,8,0.00029927,5.16
810,7.498905,0.875744,0.01740357,0.0,8,0.00029922,5.14
820,7.593627,0.853136,0.01740736,0.0,8,0.00029917,5.14
830,7.528843,0.93305,0.01741151,0.0,8,0.00029911,5.15
840,7.52722,0.930764,0.01741748,0.0,8,0.00029906,5.14
850,7.563351,0.899787,0.01742385,0.0,8,0.000299,5.17
860,7.509372,0.939785,0.01743095,0.0,8,0.00029894,5.14
870,7.597794,0.877987,0.01743704,0.0,8,0.00029888,5.15
880,7.562463,0.851537,0.01744316,0.0,8,0.00029882,5.17
890,7.531287,0.817296,0.01744844,0.0,8,0.00029876,5.14
900,7.614463,0.825805,0.01745331,0.0,8,0.0002987,5.23
910,7.558191,0.853451,0.01745804,0.0,8,0.00029863,5.17
920,7.613231,0.924222,0.01746424,0.0,8,0.00029856,5.15
930,7.575987,0.89142,0.01746975,0.0,8,0.00029849,5.14
940,7.512004,0.892753,0.01747499,0.0,8,0.00029842,5.15
950,7.56844,0.831374,0.01747973,0.0,8,0.00029835,5.14
960,7.592403,0.845294,0.01748364,0.0,8,0.00029828,5.17
970,7.615639,0.862238,0.01748866,0.0,8,0.0002982,5.17
980,7.533383,0.870031,0.01749447,0.0,8,0.00029812,5.16
990,7.576968,0.849238,0.01750038,0.0,8,0.00029804,5.15
1000,7.542521,0.851046,0.01750628,0.0,8,0.00029796,5.17
1010,7.601186,0.955326,0.01751226,0.0,8,0.00029788,21.01
1020,7.5912,0.933896,0.01751934,0.0,8,0.0002978,5.14
1030,7.567407,0.797501,0.0175252,0.0,8,0.00029771,5.15
1040,7.576607,0.868445,0.01753059,0.0,8,0.00029762,5.16
1050,7.545928,0.78379,0.017535,0.0,8,0.00029753,5.17
1060,7.607692,0.795222,0.01753889,0.0,8,0.00029744,5.16
1070,7.517272,0.80227,0.01754295,0.0,8,0.00029735,5.17
1080,7.574708,0.880022,0.01754714,0.0,8,0.00029726,5.16
1090,7.639796,0.80213,0.01755284,0.0,8,0.00029716,5.15
1100,7.569112,0.792801,0.01755836,0.0,8,0.00029707,5.18
1110,7.523714,0.751528,0.01756362,0.0,8,0.00029697,5.16
1120,7.588053,0.829972,0.01756852,0.0,8,0.00029687,5.16
1130,7.533898,0.815362,0.01757347,0.0,8,0.00029677,5.15
1140,7.554311,0.834622,0.01757795,0.0,8,0.00029666,5.18
1150,7.586584,0.743338,0.01758226,0.0,8,0.00029656,5.14
1160,7.559296,0.752854,0.01758747,0.0,8,0.00029645,5.17
1170,7.558964,0.813175,0.01759229,0.0,8,0.00029634,5.15
1180,7.508234,0.862858,0.01759678,0.0,8,0.00029623,5.16
1190,7.576779,0.744779,0.01760223,0.0,8,0.00029612,5.16
1200,7.53663,0.779625,0.01760745,0.0,8,0.00029601,5.15
1210,7.510894,0.72783,0.01761163,0.0,8,0.0002959,5.13
1220,7.580548,0.809653,0.01761565,0.0,8,0.00029578,5.18
1230,7.576178,0.767592,0.01762013,0.0,8,0.00029566,5.14
1240,7.550358,0.903471,0.01762441,0.0,8,0.00029554,5.13
1250,7.572231,0.797985,0.01763017,0.0,8,0.00029542,5.14
1260,7.522453,0.746863,0.01763553,0.0,8,0.0002953,5.17
1270,7.507043,0.751178,0.01764096,0.0,8,0.00029518,5.16
1280,7.498926,0.734911,0.0176462,0.0,8,0.00029505,5.15
1290,7.558112,0.765744,0.01765147,0.0,8,0.00029492,5.14
1300,7.538424,0.699082,0.01765612,0.0,8,0.00029479,5.16
1310,7.604612,0.82311,0.01766113,0.0,8,0.00029466,5.15
1320,7.499684,0.743202,0.01766659,0.0,8,0.00029453,5.15
1330,7.580683,0.744779,0.01767194,0.0,8,0.0002944,5.14
1340,7.582502,0.802666,0.01767712,0.0,8,0.00029426,5.17
1350,7.572089,0.809462,0.01768159,0.0,8,0.00029413,5.17
1360,7.512846,0.747559,0.01768543,0.0,8,0.00029399,5.15
1370,7.482753,0.746468,0.0176905,0.0,8,0.00029385,5.14
1380,7.52298,0.754726,0.01769463,0.0,8,0.00029371,5.16
1390,7.51544,0.780619,0.01769899,0.0,8,0.00029356,5.13
1400,7.53937,0.717401,0.01770415,0.0,8,0.00029342,5.15
1410,7.535199,0.701423,0.01770898,0.0,8,0.00029327,5.15
1420,7.482671,0.788223,0.01771389,0.0,8,0.00029313,5.16
1430,7.540988,0.752758,0.01771912,0.0,8,0.00029298,5.15
1440,7.506271,0.681228,0.01772393,0.0,8,0.00029283,5.13
1450,7.534902,0.748581,0.01772916,0.0,8,0.00029267,5.15
1460,7.555747,0.750339,0.01773483,0.0,8,0.00029252,5.16
1470,7.536261,0.730815,0.01773962,0.0,8,0.00029236,5.15
1480,7.461058,0.726026,0.01774392,0.0,8,0.00029221,5.14
1490,7.488094,0.74436,0.01774911,0.0,8,0.00029205,5.16
1500,7.495044,0.722576,0.01775409,0.0,8,0.00029189,5.14
1510,7.500724,0.700776,0.01775964,0.0,8,0.00029173,20.99
1520,7.573974,0.739115,0.01776495,0.0,8,0.00029156,5.17
1530,7.537288,0.712853,0.01776935,0.0,8,0.0002914,5.16
1540,7.532292,0.713186,0.01777427,0.0,8,0.00029123,5.18
1550,7.495482,0.67054,0.01777938,0.0,8,0.00029106,5.16
1560,7.44624,0.712946,0.01778365,0.0,8,0.0002909,5.17
1570,7.582706,0.741758,0.01778917,0.0,8,0.00029072,5.15
1580,7.556663,0.772976,0.01779451,0.0,8,0.00029055,5.17
1590,7.557167,0.706459,0.01779985,0.0,8,0.00029038,5.15
1600,7.465611,0.77472,0.01780526,0.0,8,0.0002902,5.16
1610,7.508182,0.672148,0.0178119,0.0,8,0.00029003,5.15
1620,7.478886,0.708693,0.01781779,0.0,8,0.00028985,5.16
1630,7.5152,0.656303,0.0178226,0.0,8,0.00028967,5.16
1640,7.56382,0.695223,0.01782705,0.0,8,0.00028948,5.17
1650,7.501266,0.711461,0.01783073,0.0,8,0.0002893,5.17
1660,7.573616,0.693228,0.01783676,0.0,8,0.00028912,5.17
1670,7.533982,0.75234,0.01784239,0.0,8,0.00028893,5.14
1680,7.516985,0.739838,0.01784859,0.0,8,0.00028874,5.17
1690,7.490509,0.623611,0.01785584,0.0,8,0.00028855,5.15
1700,7.534181,0.803072,0.01786185,0.0,8,0.00028836,5.16
1710,7.531047,0.613102,0.01786758,0.0,8,0.00028817,5.16
1720,7.529843,0.66993,0.01787402,0.0,8,0.00028798,5.16
1730,7.54635,0.718844,0.0178794,0.0,8,0.00028778,5.17
1740,7.509483,0.689318,0.01788577,0.0,8,0.00028758,5.16
1750,7.498651,0.64268,0.0178922,0.0,8,0.00028739,5.17
1760,7.492506,0.665902,0.01789849,0.0,8,0.00028719,5.15
1770,7.529239,0.667892,0.01790404,0.0,8,0.00028698,5.18
1780,7.587856,0.646144,0.01790857,0.0,8,0.00028678,5.15
1790,7.558204,0.709177,0.0179127,0.0,8,0.00028658,5.15
1800,7.484118,0.674081,0.01791785,0.0,8,0.00028637,5.15
1810,7.512162,0.648391,0.01792436,0.0,8,0.00028616,5.17
1820,7.507057,0.65696,0.01792957,0.0,8,0.00028596,5.14
1830,7.463271,0.686518,0.01793389,0.0,8,0.00028575,5.17
1840,7.5008,0.632757,0.0179398,0.0,8,0.00028553,5.15
1850,7.530598,0.613463,0.01794491,0.0,8,0.00028532,5.15
1860,7.490705,0.703207,0.01795057,0.0,8,0.00028511,5.15
1870,7.493858,0.63091,0.01795635,0.0,8,0.00028489,5.16
1880,7.609643,0.66746,0.01796157,0.0,8,0.00028467,5.15
1890,7.49513,0.625598,0.01796529,0.0,8,0.00028445,5.18
1900,7.521431,0.625458,0.01797038,0.0,8,0.00028423,5.13
1910,7.515474,0.669543,0.01797504,0.0,8,0.00028401,5.16
1920,7.502815,0.633449,0.01797922,0.0,8,0.00028379,5.14
1930,7.523843,0.64176,0.01798332,0.0,8,0.00028356,5.18
1940,7.556513,0.611445,0.01798818,0.0,8,0.00028333,5.14
1950,7.521609,0.823173,0.01799513,0.0,8,0.00028311,5.16
1960,7.474369,0.663377,0.0180024,0.0,8,0.00028288,5.15
1970,7.450145,0.707111,0.0180088,0.0,8,0.00028265,5.15
1980,7.516533,0.690242,0.0180145,0.0,8,0.00028241,5.15
1990,7.470163,0.690822,0.01801822,0.0,8,0.00028218,5.15
2000,7.490767,0.648287,0.01802487,0.0,8,0.00028194,5.15
2010,7.529178,0.665156,0.01803026,0.0,8,0.00028171,20.95
2020,7.510182,0.654138,0.01803476,0.0,8,0.00028147,5.15
2030,7.599583,0.687981,0.01804247,0.0,8,0.00028123,5.17
2040,7.509691,0.613282,0.01804749,0.0,8,0.00028099,5.14
2050,7.560356,0.664952,0.01805243,0.0,8,0.00028075,5.17
2060,7.48519,0.61321,0.01805654,0.0,8,0.0002805,5.11
2070,7.49545,0.633622,0.01806165,0.0,8,0.00028026,5.15
2080,7.522323,0.598916,0.01806592,0.0,8,0.00028001,5.17
2090,7.496937,0.591695,0.01807021,0.0,8,0.00027976,5.17
2100,7.415789,0.647438,0.01807558,0.0,8,0.00027951,5.14
2110,7.476844,0.63402,0.01808098,0.0,8,0.00027926,5.13
2120,7.518777,0.584473,0.01808637,0.0,8,0.00027901,5.2
2130,7.517194,0.633096,0.0180924,0.0,8,0.00027876,5.22
2140,7.522415,0.573419,0.01809822,0.0,8,0.0002785,5.14
2150,7.561135,0.613303,0.01810539,0.0,8,0.00027824,5.18
2160,7.495243,0.595039,0.01811197,0.0,8,0.00027799,5.17
2170,7.529475,0.597604,0.01811801,0.0,8,0.00027773,5.2
2180,7.526859,0.643229,0.01812448,0.0,8,0.00027747,5.22
2190,7.476252,0.578143,0.01812969,0.0,8,0.0002772,5.24
2200,7.468037,0.617841,0.01813432,0.0,8,0.00027694,5.2
2210,7.4668,0.614925,0.01813784,0.0,8,0.00027668,5.23
2220,7.474782,0.57258,0.01814328,0.0,8,0.00027641,5.2
2230,7.544804,0.624167,0.01814965,0.0,8,0.00027614,5.22
2240,7.602685,0.578173,0.01815372,0.0,8,0.00027587,5.15
2250,7.620537,0.585323,0.01815782,0.0,8,0.0002756,5.2
2260,7.501372,0.654466,0.01816319,0.0,8,0.00027533,5.23
2270,7.590997,0.561115,0.01816995,0.0,8,0.00027506,5.17
2280,7.471124,0.586172,0.01817334,0.0,8,0.00027478,5.11
2290,7.546379,0.639639,0.01817938,0.0,8,0.00027451,5.1
2300,7.455331,0.602602,0.01818351,0.0,8,0.00027423,5.18
2310,7.545337,0.549689,0.01818886,0.0,8,0.00027395,5.15
2320,7.52763,0.591587,0.01819322,0.0,8,0.00027367,5.17
2330,7.484893,0.589441,0.01819924,0.0,8,0.00027339,5.15
2340,7.482145,0.616207,0.01820544,0.0,8,0.00027311,5.17
2350,7.500442,0.619412,0.01821267,0.0,8,0.00027282,5.16
2360,7.53532,0.653755,0.01821781,0.0,8,0.00027254,5.16
2370,7.465731,0.574872,0.01822255,0.0,8,0.00027225,5.14
2380,7.49997,0.57735,0.018228,0.0,8,0.00027196,5.17
2390,7.521703,0.600131,0.01823349,0.0,8,0.00027167,5.16
2400,7.486134,0.62068,0.01823783,0.0,8,0.00027138,5.16
2410,7.593542,0.577824,0.01824292,0.0,8,0.00027109,5.15
2420,7.551371,0.591543,0.01824621,0.0,8,0.0002708,5.17
2430,7.56115,0.705841,0.01825073,0.0,8,0.0002705,5.15
2440,7.473839,0.626714,0.01825566,0.0,8,0.00027021,5.17
2450,7.521388,0.525147,0.01826048,0.0,8,0.00026991,5.14
2460,7.488991,0.600252,0.01826386,0.0,8,0.00026961,5.16
2470,7.541355,0.5084,0.01826793,0.0,8,0.00026931,5.16
2480,7.517617,0.533069,0.01827227,0.0,8,0.00026901,5.14
2490,7.506155,0.571754,0.01827714,0.0,8,0.00026871,5.14
2500,7.526693,0.554793,0.01828288,0.0,8,0.0002684,5.15
2510,7.561395,0.520284,0.01828979,0.0,8,0.0002681,20.97
2520,7.474718,0.546143,0.01829367,0.0,8,0.00026779,5.15
2530,7.520965,0.531695,0.01829988,0.0,8,0.00026748,5.17
2540,7.585046,0.618873,0.01830576,0.0,8,0.00026717,5.14
2550,7.533533,0.575305,0.01830936,0.0,8,0.00026686,5.15
2560,7.470776,0.550635,0.01831418,0.0,8,0.00026655,5.16
2570,7.489584,0.525991,0.01832,0.0,8,0.00026624,5.15
2580,7.468105,0.535763,0.0183248,0.0,8,0.00026592,5.16
2590,7.48991,0.509622,0.01833022,0.0,8,0.00026561,5.16
2600,7.534494,0.644237,0.01833632,0.0,8,0.00026529,5.18
2610,7.469432,0.579563,0.01834143,0.0,8,0.00026497,5.17
2620,7.519196,0.561904,0.01834596,0.0,8,0.00026465,5.14
2630,7.46952,0.536017,0.01835251,0.0,8,0.00026433,5.16
2640,7.529433,0.510081,0.01835791,0.0,8,0.00026401,5.18
2650,7.458816,0.560271,0.0183622,0.0,8,0.00026369,5.15
2660,7.529789,0.570185,0.01836809,0.0,8,0.00026337,5.16
2670,7.460999,0.579104,0.01837329,0.0,8,0.00026304,5.16
2680,7.477385,0.525483,0.0183792,0.0,8,0.00026271,5.17
2690,7.474139,0.524246,0.01838357,0.0,8,0.00026239,5.16
2700,7.456189,0.525392,0.01838659,0.0,8,0.00026206,5.18
2710,7.45386,0.510992,0.01839087,0.0,8,0.00026173,5.14
2720,7.474487,0.491736,0.01839499,0.0,8,0.00026139,5.19
2730,7.485867,0.511775,0.0183993,0.0,8,0.00026106,5.16
2740,7.490964,0.545816,0.01840496,0.0,8,0.00026073,5.15
2750,7.429304,0.553438,0.01840916,0.0,8,0.00026039,5.15
2760,7.513662,0.547838,0.01841446,0.0,8,0.00026006,5.18
2770,7.493656,0.541611,0.01841907,0.0,8,0.00025972,5.16
2780,7.528384,0.57595,0.0184248,0.0,8,0.00025938,5.16
2790,7.415165,0.595855,0.01842863,0.0,8,0.00025904,5.17
2800,7.498342,0.520449,0.01843789,0.0,8,0.0002587,5.16
2810,7.493062,0.496662,0.0184445,0.0,8,0.00025836,5.15
2820,7.46076,0.495034,0.01844971,0.0,8,0.00025801,5.17
2830,7.515479,0.550615,0.01845631,0.0,8,0.00025767,5.15
2840,7.451971,0.507109,0.01846029,0.0,8,0.00025732,5.15
2850,7.534062,0.544841,0.01846579,0.0,8,0.00025697,5.18
2860,7.403963,0.529442,0.01846953,0.0,8,0.00025663,5.16
2870,7.556166,0.527402,0.01847507,0.0,8,0.00025628,5.16
2880,7.465438,0.553475,0.01847994,0.0,8,0.00025593,5.16
2890,7.579757,0.585204,0.01848889,0.0,8,0.00025557,5.16
2900,7.458695,0.538079,0.01849515,0.0,8,0.00025522,5.16
2910,7.512965,0.536474,0.01850395,0.0,8,0.00025487,5.17
2920,7.501977,0.569776,0.01851082,0.0,8,0.00025451,5.16
2930,7.468385,0.52659,0.01851649,0.0,8,0.00025416,5.16
2940,7.435912,0.508233,0.01852144,0.0,8,0.0002538,5.15
2950,7.542273,0.551901,0.01852678,0.0,8,0.00025344,5.17
2960,7.479847,0.604085,0.01853219,0.0,8,0.00025308,5.15
2970,7.484534,0.524623,0.01854124,0.0,8,0.00025272,5.16
2980,7.469917,0.542958,0.01854746,0.0,8,0.00025236,5.16
2990,7.498113,0.51537,0.01855406,0.0,8,0.00025199,5.18
3000,7.522207,0.509113,0.01855882,0.0,8,0.00025163,5.15
3010,7.566205,0.483502,0.01856239,0.0,8,0.00025126,20.96
3020,7.505442,0.48187,0.01856535,0.0,8,0.0002509,5.17
3030,7.432416,0.476577,0.01856884,0.0,8,0.00025053,5.15
3040,7.518131,0.584672,0.01857549,0.0,8,0.00025016,5.14
3050,7.500038,0.525538,0.0185821,0.0,8,0.00024979,5.15
3060,7.466397,0.503447,0.01859092,0.0,8,0.00024942,5.23
3070,7.565825,0.524833,0.0186,0.0,8,0.00024905,5.15
3080,7.492596,0.50344,0.01860859,0.0,8,0.00024867,5.18
3090,7.512456,0.501939,0.01861951,0.0,8,0.0002483,5.14
3100,7.501518,0.552299,0.01862668,0.0,8,0.00024793,5.16
3110,7.489937,0.516612,0.01863355,0.0,8,0.00024755,5.16
3120,7.466227,0.491051,0.01863687,0.0,8,0.00024717,5.15
3130,7.477578,0.469759,0.01864053,0.0,8,0.00024679,5.18
3140,7.463433,0.486477,0.01864462,0.0,8,0.00024641,5.17
3150,7.450815,0.489631,0.01864924,0.0,8,0.00024603,5.18
3160,7.498455,0.516986,0.01865476,0.0,8,0.00024565,5.15
3170,7.529815,0.494033,0.01865945,0.0,8,0.00024527,5.18
3180,7.501525,0.492278,0.01866369,0.0,8,0.00024489,5.16
3190,7.499705,0.510851,0.01866822,0.0,8,0.0002445,5.19
3200,7.459822,0.515224,0.01867351,0.0,8,0.00024412,5.17
3210,7.513904,0.474363,0.01867943,0.0,8,0.00024373,5.17
3220,7.514103,0.484525,0.01868476,0.0,8,0.00024334,5.14
3230,7.475487,0.463144,0.01868943,0.0,8,0.00024295,5.16
3240,7.47306,0.490274,0.01869395,0.0,8,0.00024256,5.17
3250,7.406831,0.464887,0.01869781,0.0,8,0.00024217,5.18
3260,7.488991,0.487009,0.01870155,0.0,8,0.00024178,5.16
3270,7.545568,0.467894,0.01870675,0.0,8,0.00024139,5.17
3280,7.487575,0.480545,0.01871182,0.0,8,0.00024099,5.17
3290,7.54216,0.595737,0.01871663,0.0,8,0.0002406,5.16
3300,7.519977,0.471113,0.01872269,0.0,8,0.0002402,5.17
3310,7.480503,0.465508,0.01872774,0.0,8,0.0002398,5.18
3320,7.476763,0.48001,0.01873425,0.0,8,0.00023941,5.17
3330,7.517276,0.470728,0.01873906,0.0,8,0.00023901,5.17
3340,7.473796,0.479075,0.0187453,0.0,8,0.00023861,5.17
3350,7.505773,0.492659,0.01875089,0.0,8,0.00023821,5.2
3360,7.45662,0.55039,0.01875429,0.0,8,0.00023781,5.15
3370,7.547584,0.497435,0.01876231,0.0,8,0.0002374,5.16
3380,7.486208,0.515715,0.01876723,0.0,8,0.000237,5.17
3390,7.505707,0.485641,0.01877511,0.0,8,0.0002366,5.16
3400,7.490438,0.516306,0.01878016,0.0,8,0.00023619,5.17
3410,7.454239,0.494763,0.01878594,0.0,8,0.00023578,5.16
3420,7.484479,0.443746,0.01879058,0.0,8,0.00023538,5.16
3430,7.483548,0.491056,0.0187947,0.0,8,0.00023497,5.16
3440,7.541592,0.498266,0.01879933,0.0,8,0.00023456,5.18
3450,7.492646,0.463281,0.01880324,0.0,8,0.00023415,5.14
3460,7.567239,0.606166,0.01880947,0.0,8,0.00023374,5.17
3470,7.473305,0.483334,0.01881343,0.0,8,0.00023333,5.16
3480,7.543191,0.462957,0.01882102,0.0,8,0.00023291,5.15
3490,7.493076,0.499161,0.01882425,0.0,8,0.0002325,5.15
3500,7.482044,0.487685,0.01882901,0.0,8,0.00023208,5.18
3510,7.474634,0.495399,0.01883203,0.0,8,0.00023167,20.97
3520,7.507083,0.455747,0.01883742,0.0,8,0.00023125,5.16
3530,7.531798,0.460849,0.01884095,0.0,8,0.00023083,5.16
3540,7.471473,0.500007,0.01884641,0.0,8,0.00023042,5.14
3550,7.520807,0.458572,0.018852,0.0,8,0.00023,5.17
3560,7.430407,0.495936,0.01885605,0.0,8,0.00022958,5.14
3570,7.496987,0.525059,0.01886367,0.0,8,0.00022916,5.17
3580,7.486424,0.459831,0.01886804,0.0,8,0.00022873,5.16
3590,7.510777,0.455757,0.01887464,0.0,8,0.00022831,5.16
3600,7.524034,0.498346,0.01887993,0.0,8,0.00022789,5.16
3610,7.477978,0.522874,0.01888599,0.0,8,0.00022746,5.16
3620,7.515871,0.45894,0.01889034,0.0,8,0.00022704,5.14
3630,7.563636,0.449838,0.01889396,0.0,8,0.00022661,5.17
3640,7.516608,0.440754,0.01889781,0.0,8,0.00022619,5.15
3650,7.49971,0.411599,0.01890181,0.0,8,0.00022576,5.18
3660,7.463244,0.435404,0.01890503,0.0,8,0.00022533,5.17
3670,7.490907,0.496704,0.01890881,0.0,8,0.0002249,5.16
3680,7.45566,0.425775,0.01891155,0.0,8,0.00022447,5.17
3690,7.457753,0.482153,0.01891391,0.0,8,0.00022404,5.17
3700,7.526557,0.432696,0.01891789,0.0,8,0.00022361,5.19
3710,7.514534,0.497554,0.01892083,0.0,8,0.00022317,5.16
3720,7.533988,0.48824,0.01892538,0.0,8,0.00022274,5.17
3730,7.574286,0.435428,0.01892956,0.0,8,0.00022231,5.17
3740,7.451771,0.522594,0.01893292,0.0,8,0.00022187,5.17
3750,7.526526,0.473463,0.01893813,0.0,8,0.00022144,5.18
3760,7.45296,0.477284,0.01894073,0.0,8,0.000221,5.19
3770,7.5164,0.426324,0.01894423,0.0,8,0.00022056,5.15
3780,7.536949,0.461399,0.0189485,0.0,8,0.00022012,5.18
3790,7.510843,0.430999,0.01895267,0.0,8,0.00021968,5.17
3800,7.479279,0.464217,0.01895625,0.0,8,0.00021925,5.17
3810,7.492986,0.475204,0.01896168,0.0,8,0.0002188,5.16
3820,7.525777,0.489454,0.01896597,0.0,8,0.00021836,5.18
3830,7.499682,0.478688,0.01897175,0.0,8,0.00021792,5.15
3840,7.472869,0.428349,0.01897594,0.0,8,0.00021748,5.17
3850,7.476166,0.434744,0.01898029,0.0,8,0.00021704,5.16
3860,7.558224,0.458769,0.01898551,0.0,8,0.00021659,5.18
3870,7.516065,0.428598,0.01899035,0.0,8,0.00021615,5.17
3880,7.499345,0.496838,0.01899413,0.0,8,0.0002157,5.17
3890,7.555788,0.426588,0.01899981,0.0,8,0.00021525,5.15
3900,7.507334,0.452506,0.01900289,0.0,8,0.00021481,5.17
3910,7.50995,0.412057,0.01900661,0.0,8,0.00021436,5.16
3920,7.492132,0.426135,0.01900949,0.0,8,0.00021391,5.17
3930,7.49885,0.431722,0.01901226,0.0,8,0.00021346,5.16
3940,7.544829,0.474135,0.01901555,0.0,8,0.00021301,5.13
3950,7.478149,0.444693,0.01901912,0.0,8,0.00021256,5.17
3960,7.438581,0.404254,0.01902286,0.0,8,0.00021211,5.15
3970,7.528162,0.455064,0.01902714,0.0,8,0.00021166,5.18
3980,7.436859,0.479874,0.01903097,0.0,8,0.00021121,5.16
3990,7.415071,0.442159,0.01903659,0.0,8,0.00021075,5.13
4000,7.507057,0.458086,0.01904171,0.0,8,0.0002103,5.16
4010,7.500015,0.450431,0.01904592,0.0,8,0.00020985,20.93
4020,7.445014,0.483205,0.01904926,0.0,8,0.00020939,5.16
4030,7.537628,0.414432,0.01905486,0.0,8,0.00020893,5.13
4040,7.494268,0.41146,0.01905927,0.0,8,0.00020848,5.16
4050,7.548715,0.474186,0.01906324,0.0,8,0.00020802,5.16
4060,7.518164,0.445934,0.01906676,0.0,8,0.00020756,5.18
4070,7.497459,0.432344,0.0190704,0.0,8,0.0002071,5.11
4080,7.542808,0.453536,0.01907378,0.0,8,0.00020665,5.18
4090,7.510801,0.467918,0.01907604,0.0,8,0.00020619,5.15
4100,7.471136,0.425141,0.0190792,0.0,8,0.00020573,5.16
4110,7.563458,0.412514,0.01908298,0.0,8,0.00020526,5.16
4120,7.493661,0.411999,0.01908585,0.0,8,0.0002048,5.16
4130,7.412799,0.406373,0.01908979,0.0,8,0.00020434,5.16
4140,7.444426,0.434274,0.01909317,0.0,8,0.00020388,5.16
4150,7.521788,0.464204,0.01909649,0.0,8,0.00020342,5.17
4160,7.490131,0.424349,0.01909746,0.0,8,0.00020295,5.16
4170,7.477254,0.402578,0.01909953,0.0,8,0.00020249,5.15
4180,7.579045,0.427599,0.01910459,0.0,8,0.00020202,5.17
4190,7.474527,0.482418,0.01910752,0.0,8,0.00020156,5.15
4200,7.435257,0.418064,0.01911245,0.0,8,0.00020109,5.17
4210,7.531249,0.443197,0.01911592,0.0,8,0.00020062,5.15
4220,7.481181,0.414902,0.01912057,0.0,8,0.00020016,5.18
4230,7.450706,0.438769,0.01912435,0.0,8,0.00019969,5.18
4240,7.487819,0.448999,0.01912686,0.0,8,0.00019922,5.17
4250,7.532973,0.423146,0.01913048,0.0,8,0.00019875,5.18
4260,7.47896,0.512319,0.01913346,0.0,8,0.00019828,5.16
4270,7.48745,0.433813,0.01913719,0.0,8,0.00019781,5.18
4280,7.562551,0.395547,0.01914172,0.0,8,0.00019734,5.16
4290,7.533425,0.466542,0.01914434,0.0,8,0.00019687,5.18
4300,7.483845,0.426944,0.01914898,0.0,8,0.0001964,5.17
4310,7.479202,0.428739,0.0191533,0.0,8,0.00019593,5.17
4320,7.510338,0.427868,0.01915809,0.0,8,0.00019546,5.17
4330,7.49179,0.49725,0.01916166,0.0,8,0.00019498,5.18
4340,7.452762,0.473596,0.01916424,0.0,8,0.00019451,5.16
4350,7.490277,0.416111,0.01916743,0.0,8,0.00019403,5.16
4360,7.470892,0.401234,0.01916881,0.0,8,0.00019356,5.16
4370,7.499603,0.394891,0.01917074,0.0,8,0.00019309,5.17
4380,7.529373,0.39415,0.01917406,0.0,8,0.00019261,5.17
4390,7.505536,0.455396,0.01917665,0.0,8,0.00019213,5.17
4400,7.49396,0.387579,0.01917975,0.0,8,0.00019166,5.17
4410,7.512252,0.398308,0.01918187,0.0,8,0.00019118,5.18
4420,7.490244,0.41655,0.01918503,0.0,8,0.0001907,5.17
4430,7.550457,0.429776,0.01918891,0.0,8,0.00019023,5.18
4440,7.482378,0.405318,0.01919159,0.0,8,0.00018975,5.15
4450,7.51165,0.467664,0.0191946,0.0,8,0.00018927,5.17
4460,7.441311,0.418736,0.01919709,0.0,8,0.00018879,5.16
4470,7.480788,0.398062,0.01920057,0.0,8,0.00018831,5.18
4480,7.481673,0.373838,0.01920487,0.0,8,0.00018783,5.15
4490,7.519363,0.404102,0.01920801,0.0,8,0.00018735,5.18
4500,7.446436,0.404155,0.01921061,0.0,8,0.00018687,5.17
4510,7.544535,0.501201,0.01921422,0.0,8,0.00018639,21.0
4520,7.486347,0.415799,0.01921713,0.0,8,0.00018591,5.17
4530,7.48379,0.441112,0.01922108,0.0,8,0.00018543,5.16
4540,7.496099,0.476118,0.01922375,0.0,8,0.00018494,5.16
4550,7.450373,0.426652,0.01922897,0.0,8,0.00018446,5.18
4560,7.531893,0.377004,0.01923262,0.0,8,0.00018398,5.15
4570,7.485615,0.496136,0.01923633,0.0,8,0.0001835,5.18
4580,7.537736,0.461488,0.01923948,0.0,8,0.00018301,5.15
4590,7.502809,0.427811,0.01924293,0.0,8,0.00018253,5.16
4600,7.44075,0.413979,0.0192445,0.0,8,0.00018204,5.16
4610,7.532121,0.394265,0.01924704,0.0,8,0.00018156,5.18
4620,7.527461,0.378931,0.01924946,0.0,8,0.00018107,5.15
4630,7.570847,0.390521,0.01925204,0.0,8,0.00018059,5.18
4640,7.471482,0.47114,0.01925457,0.0,8,0.0001801,5.15
4650,7.520117,0.39877,0.01925957,0.0,8,0.00017962,5.17
4660,7.504023,0.397629,0.01926285,0.0,8,0.00017913,5.16
4670,7.536469,0.419288,0.01926709,0.0,8,0.00017864,5.16
4680,7.515074,0.422634,0.01927035,0.0,8,0.00017816,5.17
4690,7.481833,0.373485,0.01927373,0.0,8,0.00017767,5.17
4700,7.454042,0.414672,0.01927565,0.0,8,0.00017718,5.15
4710,7.443293,0.364471,0.01927854,0.0,8,0.00017669,5.15
4720,7.432597,0.381654,0.01928086,0.0,8,0.0001762,5.16
4730,7.459096,0.393712,0.01928321,0.0,8,0.00017572,5.17
4740,7.486303,0.38241,0.01928488,0.0,8,0.00017523,5.15
4750,7.517445,0.430577,0.01928637,0.0,8,0.00017474,5.16
4760,7.475145,0.416311,0.01928779,0.0,8,0.00017425,5.15
4770,7.444674,0.36752,0.01928972,0.0,8,0.00017376,5.17
4780,7.50755,0.379142,0.01929158,0.0,8,0.00017327,5.18
4790,7.467036,0.373366,0.01929252,0.0,8,0.00017278,5.18
4800,7.468156,0.39305,0.01929379,0.0,8,0.00017229,5.17
4810,7.473624,0.386391,0.0192971,0.0,8,0.0001718,5.17
4820,7.462325,0.439288,0.01929887,0.0,8,0.00017131,5.18
4830,7.446218,0.384733,0.01930211,0.0,8,0.00017082,5.14
4840,7.490025,0.362272,0.01930551,0.0,8,0.00017032,5.19
4850,7.496302,0.398063,0.01930872,0.0,8,0.00016983,5.17
4860,8.102762,3.713555,0.01931076,0.0,8,0.00016934,5.17
4870,7.515486,0.407791,0.01931486,0.0,8,0.00016885,5.16
4880,7.522046,0.395981,0.01931715,0.0,8,0.00016836,5.17
4890,7.4415,0.39994,0.01931976,0.0,8,0.00016786,5.17
4900,7.43838,0.380298,0.01932233,0.0,8,0.00016737,5.17
4910,7.534359,0.489875,0.01932713,0.0,8,0.00016688,5.17
4920,7.479912,0.439676,0.01932792,0.0,8,0.00016639,5.18
4930,7.489609,0.36044,0.0193312,0.0,8,0.00016589,5.16
4940,8.013188,73.255367,0.01933252,0.0,8,0.0001654,5.17
4950,7.513198,0.371505,0.01933794,0.0,8,0.00016491,5.16
4960,7.445489,0.408322,0.01934058,0.0,8,0.00016441,5.19
4970,7.471798,0.418274,0.01934521,0.0,8,0.00016392,5.16
4980,7.4639,0.408913,0.01934885,0.0,8,0.00016342,5.18
4990,7.472329,0.382869,0.01935191,0.0,8,0.00016293,5.15
5000,7.480287,0.419299,0.01935641,0.0,8,0.00016244,5.16
5010,7.490924,0.534328,0.01935849,0.0,8,0.00016194,21.02
5020,7.523347,0.383588,0.01936042,0.0,8,0.00016145,5.15
5030,7.462785,0.462027,0.01936252,0.0,8,0.00016095,5.16
5040,7.458544,0.40488,0.01936469,0.0,8,0.00016046,5.17
5050,7.492522,0.41651,0.01936808,0.0,8,0.00015996,5.14
5060,7.468233,0.374996,0.01937037,0.0,8,0.00015947,5.18
5070,7.458606,0.382027,0.0193733,0.0,8,0.00015897,5.16
5080,7.482312,0.452963,0.0193743,0.0,8,0.00015848,5.16
5090,7.514354,0.39324,0.0193774,0.0,8,0.00015798,5.15
5100,7.456851,0.387622,0.01937942,0.0,8,0.00015749,5.17
5110,7.476225,0.392063,0.01938215,0.0,8,0.00015699,5.15
5120,7.500107,0.418295,0.01938399,0.0,8,0.0001565,5.2
5130,7.436889,1.059877,0.01938601,0.0,8,0.000156,5.15
5140,7.547704,0.454228,0.0193893,0.0,8,0.0001555,5.18
5150,7.490087,0.429442,0.01939151,0.0,8,0.00015501,5.14
5160,7.471438,0.348213,0.01939451,0.0,8,0.00015451,5.16
5170,7.483164,0.419969,0.01939798,0.0,8,0.00015402,5.15
5180,7.426824,0.323567,0.0194013,0.0,8,0.00015352,5.19
5190,7.507869,0.454771,0.01940449,0.0,8,0.00015303,5.16
5200,7.447955,0.455623,0.019407,0.0,8,0.00015253,5.18
5210,7.395674,0.61708,0.01940837,0.0,8,0.00015203,5.15
5220,7.494363,0.487432,0.01941102,0.0,8,0.00015154,5.16
5230,7.465374,0.406396,0.01941363,0.0,8,0.00015104,5.16
5240,7.485099,0.357971,0.01941558,0.0,8,0.00015055,5.17
5250,7.414644,0.406692,0.01941643,0.0,8,0.00015005,5.15
5260,7.493585,0.452572,0.0194171,0.0,8,0.00014955,5.15
5270,7.459217,0.486247,0.01941888,0.0,8,0.00014906,5.15
5280,7.492625,0.539777,0.01942118,0.0,8,0.00014856,5.17
5290,7.515026,0.417596,0.01942362,0.0,8,0.00014807,5.15
5300,7.459437,0.421968,0.01942758,0.0,8,0.00014757,5.15
5310,7.527159,0.480083,0.01943232,0.0,8,0.00014707,5.16
5320,7.430477,0.465303,0.01943312,0.0,8,0.00014658,5.16
5330,7.48357,0.42022,0.01943604,0.0,8,0.00014608,5.17
5340,7.426396,0.455126,0.01943855,0.0,8,0.00014559,5.16
5350,7.491888,0.439105,0.01944242,0.0,8,0.00014509,5.17
5360,7.48856,0.619786,0.01944465,0.0,8,0.00014459,5.17
5370,7.453696,0.420721,0.01944727,0.0,8,0.0001441,5.18
5380,7.428275,0.4367,0.01945085,0.0,8,0.0001436,5.16
5390,7.457911,0.422682,0.01945279,0.0,8,0.00014311,5.18
5400,7.496803,0.40435,0.01945303,0.0,8,0.00014261,5.17
5410,7.462294,0.35893,0.019452,0.0,8,0.00014212,5.16
5420,7.399759,0.385155,0.01945188,0.0,8,0.00014162,5.17
5430,7.505213,0.404479,0.01945419,0.0,8,0.00014113,5.18
5440,7.476906,0.495195,0.01945687,0.0,8,0.00014063,5.17
5450,7.460289,0.408483,0.01946064,0.0,8,0.00014014,5.18
5460,7.487977,0.40304,0.01946185,0.0,8,0.00013964,5.14
5470,7.454767,0.457365,0.01946319,0.0,8,0.00013915,5.18
5480,7.430978,0.444366,0.01946556,0.0,8,0.00013865,5.16
5490,7.418298,0.450551,0.0194673,0.0,8,0.00013816,5.18
5500,7.454998,0.443533,0.0194696,0.0,8,0.00013766,5.17
5510,7.430179,0.451859,0.01947165,0.0,8,0.00013717,21.03
5520,7.468566,0.448655,0.01947275,0.0,8,0.00013667,5.17
5530,7.451277,0.363109,0.01947076,0.0,8,0.00013618,5.16
5540,7.479492,0.400128,0.01947109,0.0,8,0.00013569,5.16
5550,7.447238,0.372189,0.01947121,0.0,8,0.00013519,5.15
5560,7.437067,0.375035,0.01947268,0.0,8,0.0001347,5.17
5570,7.40919,0.368598,0.01947552,0.0,8,0.00013421,5.16
5580,7.493542,0.492955,0.01947938,0.0,8,0.00013371,5.15
5590,7.453492,0.356523,0.01948114,0.0,8,0.00013322,5.19
5600,7.446639,0.405372,0.01948067,0.0,8,0.00013273,5.16
5610,7.482848,0.392245,0.01948213,0.0,8,0.00013223,5.18
5620,7.445971,0.368388,0.01948399,0.0,8,0.00013174,5.17
5630,7.48139,0.430995,0.01948535,0.0,8,0.00013125,5.17
5640,7.439511,0.40637,0.01948696,0.0,8,0.00013076,5.16
5650,7.493172,0.537406,0.01948877,0.0,8,0.00013027,5.15
5660,7.443038,0.511187,0.01949035,0.0,8,0.00012977,5.16
5670,7.519852,0.494918,0.01949155,0.0,8,0.00012928,5.15
5680,7.453867,0.374561,0.01949236,0.0,8,0.00012879,5.15
5690,7.488497,0.408909,0.01949296,0.0,8,0.0001283,5.19
5700,7.4336,0.3997,0.01949396,0.0,8,0.00012781,5.16
5710,7.49594,0.479081,0.01949577,0.0,8,0.00012732,5.19
5720,7.469534,0.374686,0.01949622,0.0,8,0.00012683,5.14
5730,7.456913,0.410108,0.0194968,0.0,8,0.00012634,5.18
5740,7.543358,0.482783,0.01950099,0.0,8,0.00012585,5.16
5750,7.548602,0.560861,0.01950316,0.0,8,0.00012536,5.17
5760,7.473035,0.702395,0.01950486,0.0,8,0.00012487,5.14
5770,7.463476,0.451531,0.0195055,0.0,8,0.00012438,5.17
5780,7.469591,0.55125,0.01950657,0.0,8,0.00012389,5.15
5790,7.475273,0.739456,0.01951033,0.0,8,0.0001234,5.17
5800,7.520721,0.597828,0.01951389,0.0,8,0.00012292,5.16
5810,7.466619,0.513212,0.01951627,0.0,8,0.00012243,5.15
5820,7.546536,0.463401,0.01951767,0.0,8,0.00012194,5.13
5830,7.449854,0.524343,0.01951984,0.0,8,0.00012145,5.18
5840,7.439822,0.428069,0.01952315,0.0,8,0.00012097,5.15
5850,7.474789,0.407521,0.01952572,0.0,8,0.00012048,5.17
5860,7.494484,0.551548,0.01952572,0.0,8,0.00011999,5.14
5870,7.438803,0.415187,0.01952551,0.0,8,0.00011951,5.16
5880,7.42506,0.424217,0.01952516,0.0,8,0.00011902,5.18
5890,7.514828,0.451429,0.0195267,0.0,8,0.00011854,5.17
5900,7.469931,0.5733,0.01952813,0.0,8,0.00011805,5.17
5910,7.455178,0.465444,0.01952737,0.0,8,0.00011757,5.16
5920,7.406642,0.461408,0.01952802,0.0,8,0.00011708,5.17
5930,7.517426,0.444051,0.01952975,0.0,8,0.0001166,5.17
5940,7.503459,0.48218,0.01953116,0.0,8,0.00011612,5.19
5950,7.437108,0.537904,0.01953279,0.0,8,0.00011563,5.16
5960,7.439205,0.380302,0.01953439,0.0,8,0.00011515,5.17
5970,7.47592,0.480322,0.01953613,0.0,8,0.00011467,5.16
5980,7.482929,0.605494,0.01953857,0.0,8,0.00011419,5.18
5990,7.468976,0.641773,0.019539,0.0,8,0.00011371,5.16
6000,7.400774,0.459139,0.01953918,0.0,8,0.00011323,5.18
6010,7.468487,0.558973,0.01954084,0.0,8,0.00011274,21.03
6020,7.471223,0.39759,0.01954237,0.0,8,0.00011226,5.16
6030,7.477789,0.562185,0.01954608,0.0,8,0.00011178,5.16
6040,7.51603,0.93241,0.01954716,0.0,8,0.0001113,5.17
6050,7.492206,0.492238,0.01954613,0.0,8,0.00011083,5.17
6060,7.486572,0.548557,0.01954638,0.0,8,0.00011035,5.16
6070,7.422796,0.40719,0.01954736,0.0,8,0.00010987,5.17
6080,7.452579,0.540917,0.0195475,0.0,8,0.00010939,5.16
6090,7.429837,0.478696,0.01954886,0.0,8,0.00010891,5.16
6100,7.43352,0.519693,0.01954966,0.0,8,0.00010844,5.17
6110,7.458185,0.54331,0.0195527,0.0,8,0.00010796,5.17
6120,7.477064,0.653447,0.01955545,0.0,8,0.00010748,5.16
6130,7.479453,0.61728,0.01955773,0.0,8,0.00010701,5.17
6140,7.530542,0.737131,0.01955913,0.0,8,0.00010653,5.17
6150,7.495767,0.407598,0.01956071,0.0,8,0.00010606,5.16
6160,7.43009,0.842571,0.01956156,0.0,8,0.00010559,5.18
6170,7.496777,0.490445,0.01956475,0.0,8,0.00010511,5.15
6180,7.476792,0.477859,0.01956958,0.0,8,0.00010464,5.18
6190,7.503032,0.428855,0.01957327,0.0,8,0.00010417,5.16
6200,7.506731,0.993889,0.01957687,0.0,8,0.00010369,5.17
6210,7.508456,0.539026,0.01957941,0.0,8,0.00010322,5.17
6220,7.48622,0.527702,0.0195813,0.0,8,0.00010275,5.17
6230,7.484762,0.587281,0.01958202,0.0,8,0.00010228,5.15
6240,7.512325,0.753336,0.01958237,0.0,8,0.00010181,5.17
6250,7.472661,0.45242,0.01958188,0.0,8,0.00010134,5.15
6260,7.42938,0.522572,0.0195821,0.0,8,0.00010087,5.17
6270,7.448788,0.4645,0.01958265,0.0,8,0.0001004,5.22
6280,7.448393,0.558663,0.01958148,0.0,8,9.994e-05,5.17
6290,7.443851,0.48425,0.01958155,0.0,8,9.947e-05,5.21
6300,7.476338,0.389447,0.01958342,0.0,8,9.9e-05,5.32
6310,7.510007,0.397478,0.01958365,0.0,8,9.854e-05,5.16
6320,7.443543,0.409906,0.01958362,0.0,8,9.807e-05,5.18
6330,7.529889,0.471123,0.01958617,0.0,8,9.761e-05,5.15
6340,7.451379,0.587502,0.019591,0.0,8,9.714e-05,5.17
6350,7.42245,0.589633,0.01959364,0.0,8,9.668e-05,5.15
6360,7.43909,0.873171,0.01959466,0.0,8,9.621e-05,5.16
6370,7.426759,0.948604,0.01959423,0.0,8,9.575e-05,5.15
6380,7.47623,0.637315,0.01959469,0.0,8,9.529e-05,5.16
6390,7.485533,0.610517,0.01959561,0.0,8,9.483e-05,5.16
6400,7.425869,0.465777,0.01959578,0.0,8,9.437e-05,5.16
6410,7.420891,0.481895,0.01959708,0.0,8,9.391e-05,5.15
6420,7.477648,0.529356,0.01959995,0.0,8,9.345e-05,5.16
6430,7.474182,0.704831,0.0195992,0.0,8,9.299e-05,5.17
6440,7.463337,0.471198,0.01959792,0.0,8,9.253e-05,5.16
6450,7.428905,0.514037,0.01959847,0.0,8,9.207e-05,5.17
6460,7.471903,0.629727,0.01960049,0.0,8,9.161e-05,5.17
6470,7.481153,0.519959,0.0196009,0.0,8,9.116e-05,5.17
6480,7.485063,0.515656,0.01960048,0.0,8,9.07e-05,5.16
6490,7.427446,0.430839,0.01959929,0.0,8,9.025e-05,5.19
6500,7.437488,0.390859,0.01959904,0.0,8,8.979e-05,5.16
6510,7.432223,0.610161,0.01959975,0.0,8,8.934e-05,21.05
6520,7.459301,0.475226,0.01960044,0.0,8,8.888e-05,5.18
6530,7.43421,0.391753,0.01960171,0.0,8,8.843e-05,5.15
6540,7.490428,0.540542,0.01960185,0.0,8,8.798e-05,5.18
6550,7.443357,0.643581,0.01960248,0.0,8,8.753e-05,5.15
6560,7.525825,0.484196,0.01960152,0.0,8,8.708e-05,5.16
6570,7.497912,0.52362,0.01960015,0.0,8,8.663e-05,5.17
6580,7.475442,0.537827,0.01959918,0.0,8,8.618e-05,5.19
6590,7.452857,0.767082,0.01959966,0.0,8,8.573e-05,5.15
6600,7.479701,0.760251,0.01959993,0.0,8,8.528e-05,5.19
6610,7.451664,0.483082,0.01960069,0.0,8,8.483e-05,5.16
6620,7.466462,0.60777,0.01960159,0.0,8,8.439e-05,5.18
6630,7.373242,0.48871,0.01960289,0.0,8,8.394e-05,5.17
6640,7.451466,0.477544,0.01960466,0.0,8,8.35e-05,5.17
6650,7.470094,0.505869,0.01960513,0.0,8,8.305e-05,5.17
6660,7.436514,0.589287,0.01960508,0.0,8,8.261e-05,5.16
6670,7.507126,0.466603,0.01960521,0.0,8,8.217e-05,5.16
6680,7.480895,0.389314,0.01960602,0.0,8,8.172e-05,5.15
6690,7.387026,0.577653,0.01960539,0.0,8,8.128e-05,5.17
6700,7.484505,0.449552,0.0196066,0.0,8,8.084e-05,5.16
6710,7.457088,0.608721,0.01960797,0.0,8,8.04e-05,5.17
6720,7.391911,0.445854,0.019608,0.0,8,7.996e-05,5.16
6730,7.436577,0.515168,0.01960897,0.0,8,7.953e-05,5.16
6740,7.452899,0.47966,0.01961033,0.0,8,7.909e-05,5.17
6750,7.433571,0.469975,0.01961164,0.0,8,7.865e-05,5.15
6760,7.453216,0.475848,0.01961298,0.0,8,7.822e-05,5.16
6770,7.412993,0.406796,0.01961401,0.0,8,7.778e-05,5.16
6780,7.462042,0.552625,0.01961509,0.0,8,7.735e-05,5.15
6790,7.422917,0.641014,0.01961555,0.0,8,7.691e-05,5.17
6800,7.359762,0.632343,0.01961583,0.0,8,7.648e-05,5.15
6810,7.508581,0.510691,0.01961578,0.0,8,7.605e-05,5.18
6820,7.469021,0.559786,0.0196161,0.0,8,7.562e-05,5.14
6830,7.491795,0.471909,0.01961597,0.0,8,7.519e-05,5.17
6840,7.387019,0.547106,0.01961645,0.0,8,7.476e-05,5.18
6850,7.452386,0.592242,0.0196175,0.0,8,7.433e-05,5.16
6860,7.485075,0.461537,0.01961874,0.0,8,7.39e-05,5.15
6870,7.501268,0.495402,0.01961805,0.0,8,7.347e-05,5.17
6880,7.474218,0.387535,0.01961803,0.0,8,7.305e-05,5.16
6890,7.448157,0.446435,0.01961838,0.0,8,7.262e-05,5.16
6900,7.42495,0.376977,0.01961785,0.0,8,7.22e-05,5.15
6910,7.558932,0.491904,0.01961822,0.0,8,7.177e-05,5.17
6920,7.505672,0.454583,0.01961885,0.0,8,7.135e-05,5.14
6930,7.431871,0.581679,0.01961936,0.0,8,7.093e-05,5.15
6940,7.435382,0.435341,0.01962048,0.0,8,7.051e-05,5.14
6950,7.430841,0.360503,0.01962159,0.0,8,7.009e-05,5.16
6960,7.451445,0.988364,0.01962236,0.0,8,6.967e-05,5.16
6970,7.479494,0.526025,0.01962304,0.0,8,6.925e-05,5.16
6980,7.465998,0.571801,0.01962361,0.0,8,6.883e-05,5.17
6990,7.476918,0.609509,0.01962435,0.0,8,6.842e-05,5.16
7000,7.456328,0.422559,0.01962402,0.0,8,6.8e-05,5.17
7010,7.451753,0.588054,0.01962309,0.0,8,6.758e-05,21.04
7020,7.482262,0.476551,0.01962373,0.0,8,6.717e-05,5.16
7030,7.40914,0.70886,0.01962439,0.0,8,6.676e-05,5.18
7040,7.471596,0.450256,0.01962522,0.0,8,6.635e-05,5.16
7050,7.488005,0.499518,0.01962608,0.0,8,6.593e-05,5.18
7060,7.402037,0.453185,0.01962646,0.0,8,6.552e-05,5.15
7070,7.528864,0.675214,0.01962688,0.0,8,6.511e-05,5.18
7080,7.444448,0.479847,0.01962798,0.0,8,6.471e-05,5.15
7090,7.46297,0.432128,0.01962843,0.0,8,6.43e-05,5.18
7100,7.557755,0.899254,0.01962916,0.0,8,6.389e-05,5.17
7110,7.483072,0.601382,0.01963019,0.0,8,6.349e-05,5.18
7120,7.48349,0.493867,0.01963127,0.0,8,6.308e-05,5.16
7130,7.438513,0.498418,0.01963205,0.0,8,6.268e-05,5.19
7140,7.479763,0.468897,0.01963399,0.0,8,6.227e-05,5.16
7150,7.437231,0.547665,0.01963612,0.0,8,6.187e-05,5.16
7160,7.434529,0.592424,0.01963661,0.0,8,6.147e-05,5.16
7170,7.441126,0.553312,0.01963714,0.0,8,6.107e-05,5.16
7180,7.488943,0.723356,0.01963842,0.0,8,6.067e-05,5.17
7190,7.449238,0.669758,0.01963985,0.0,8,6.027e-05,5.17
7200,7.543992,0.55385,0.01963994,0.0,8,5.988e-05,5.16
7210,7.452313,0.453611,0.01963956,0.0,8,5.948e-05,5.16
7220,7.485565,0.704517,0.01963898,0.0,8,5.909e-05,5.16
7230,7.49282,0.649168,0.01963959,0.0,8,5.869e-05,5.17
7240,7.488513,0.70742,0.01964028,0.0,8,5.83e-05,5.18
7250,7.48128,0.933329,0.01964012,0.0,8,5.791e-05,5.16
7260,7.492561,0.949024,0.01964064,0.0,8,5.752e-05,5.17
7270,7.462085,0.76157,0.01964154,0.0,8,5.713e-05,5.16
7280,7.472819,0.602348,0.01964216,0.0,8,5.674e-05,5.21
7290,7.458531,1.169458,0.01964277,0.0,8,5.635e-05,5.17
7300,7.45774,0.808975,0.019643,0.0,8,5.596e-05,5.18
7310,7.400957,0.456272,0.01964324,0.0,8,5.558e-05,5.15
7320,7.485353,0.598162,0.01964324,0.0,8,5.519e-05,5.16
7330,7.492232,0.868486,0.01964376,0.0,8,5.481e-05,5.15
7340,7.459045,0.611313,0.01964406,0.0,8,5.442e-05,5.17
7350,7.428923,0.610768,0.01964355,0.0,8,5.404e-05,5.17
7360,7.47295,0.651722,0.01964425,0.0,8,5.366e-05,5.16
7370,7.471587,0.659249,0.0196453,0.0,8,5.328e-05,5.15
7380,7.41757,0.523025,0.01964669,0.0,8,5.29e-05,5.17
7390,7.466042,0.528226,0.01964811,0.0,8,5.253e-05,5.18
7400,7.418683,0.56462,0.0196499,0.0,8,5.215e-05,5.16
7410,7.416051,0.520429,0.01965083,0.0,8,5.177e-05,5.16
7420,7.492524,0.759535,0.01965071,0.0,8,5.14e-05,5.16
7430,7.476488,0.618489,0.01965137,0.0,8,5.103e-05,5.15
7440,7.414689,0.776365,0.01965124,0.0,8,5.065e-05,5.17
7450,7.497242,0.528292,0.01965173,0.0,8,5.028e-05,5.21
7460,7.467532,0.608063,0.01965325,0.0,8,4.991e-05,5.18
7470,7.450069,0.80574,0.01965383,0.0,8,4.954e-05,5.16
7480,7.480726,0.736749,0.0196543,0.0,8,4.918e-05,5.17
7490,7.465904,0.912542,0.01965439,0.0,8,4.881e-05,5.17
7500,7.483617,0.637606,0.01965489,0.0,8,4.844e-05,5.15
7510,7.444003,0.641513,0.01965613,0.0,8,4.808e-05,20.99
7520,7.495496,0.668354,0.01965684,0.0,8,4.772e-05,5.17
7530,7.432361,0.894732,0.0196569,0.0,8,4.735e-05,5.18
7540,7.421579,0.536433,0.01965695,0.0,8,4.699e-05,5.18
7550,7.382002,0.936214,0.01965711,0.0,8,4.663e-05,5.18
7560,7.516633,0.947719,0.0196585,0.0,8,4.627e-05,5.19
7570,7.464476,0.72725,0.01965864,0.0,8,4.592e-05,5.16
7580,7.479291,0.737873,0.01965778,0.0,8,4.556e-05,5.16
7590,7.494065,0.888457,0.01965793,0.0,8,4.52e-05,5.15
7600,7.507451,0.665159,0.01965819,0.0,8,4.485e-05,5.18
7610,7.502626,0.791042,0.01965852,0.0,8,4.45e-05,5.24
7620,7.508621,0.718246,0.01965931,0.0,8,4.414e-05,5.19
7630,7.464532,0.70202,0.01966,0.0,8,4.379e-05,5.16
7640,7.463913,0.674895,0.01966033,0.0,8,4.344e-05,5.17
7650,7.442098,0.80887,0.01966059,0.0,8,4.31e-05,5.17
7660,7.507642,0.820548,0.01966115,0.0,8,4.275e-05,5.16
7670,7.440674,0.671376,0.01966143,0.0,8,4.24e-05,5.15
7680,7.435963,1.077966,0.01966144,0.0,8,4.206e-05,5.18
7690,7.471671,0.814578,0.01966181,0.0,8,4.171e-05,5.17
7700,7.472165,0.663371,0.01966264,0.0,8,4.137e-05,5.17
7710,7.553368,0.942788,0.01966302,0.0,8,4.103e-05,5.15
7720,7.406453,0.769725,0.01966376,0.0,8,4.069e-05,5.16
7730,7.472702,0.816371,0.01966483,0.0,8,4.035e-05,5.18
7740,7.522459,0.785261,0.01966578,0.0,8,4.001e-05,5.16
7750,7.511897,0.856109,0.01966627,0.0,8,3.968e-05,5.16
7760,7.402426,0.768954,0.0196659,0.0,8,3.934e-05,5.16
7770,7.465442,0.776133,0.0196656,0.0,8,3.901e-05,5.17
7780,7.447009,0.71323,0.01966637,0.0,8,3.867e-05,5.15
7790,7.475791,0.740403,0.01966708,0.0,8,3.834e-05,5.19
7800,7.485295,0.729803,0.01966679,0.0,8,3.801e-05,5.16
7810,7.481731,0.885637,0.01966716,0.0,8,3.768e-05,5.16
7820,7.502287,1.180705,0.01966783,0.0,8,3.735e-05,5.16
7830,7.485201,0.649935,0.01966835,0.0,8,3.703e-05,5.16
7840,7.456104,0.790336,0.01966913,0.0,8,3.67e-05,5.15
7850,7.491747,0.759454,0.01967056,0.0,8,3.638e-05,5.18
7860,7.431498,0.810915,0.01967083,0.0,8,3.605e-05,5.19
7870,7.433532,0.913127,0.01967038,0.0,8,3.573e-05,5.16
7880,7.430683,0.77064,0.01967111,0.0,8,3.541e-05,5.16
7890,7.381089,0.967764,0.01967198,0.0,8,3.509e-05,5.17
7900,7.464375,0.764968,0.0196731,0.0,8,3.477e-05,5.14
7910,7.430752,0.789821,0.01967549,0.0,8,3.445e-05,5.18
7920,7.473092,0.848238,0.01967628,0.0,8,3.414e-05,5.14
7930,7.537318,1.070031,0.01967697,0.0,8,3.382e-05,5.15
7940,7.405015,0.85542,0.01967782,0.0,8,3.351e-05,5.16
7950,7.450313,0.723265,0.0196777,0.0,8,3.32e-05,5.17
7960,7.419913,1.142793,0.01967887,0.0,8,3.289e-05,5.15
7970,7.464707,1.022645,0.01967983,0.0,8,3.258e-05,5.15
7980,7.476297,1.079483,0.01968027,0.0,8,3.227e-05,5.18
7990,7.491269,0.952816,0.01968061,0.0,8,3.196e-05,5.16
8000,7.440744,0.781735,0.01968025,0.0,8,3.166e-05,5.14
8010,7.382221,0.831649,0.01967972,0.0,8,3.136e-05,20.95
8020,7.509806,0.852221,0.01967889,0.0,8,3.105e-05,5.15
8030,7.406776,1.115966,0.01967955,0.0,8,3.075e-05,5.15
8040,7.494884,0.923638,0.01968068,0.0,8,3.045e-05,5.13
8050,7.510436,1.075677,0.01968125,0.0,8,3.015e-05,5.18
8060,7.373521,0.946477,0.01968108,0.0,8,2.985e-05,5.17
8070,7.432316,0.843822,0.01968093,0.0,8,2.956e-05,5.17
8080,7.482156,0.826975,0.01968213,0.0,8,2.926e-05,5.16
8090,7.496856,0.91781,0.01968268,0.0,8,2.897e-05,5.18
8100,7.401286,0.984149,0.0196824,0.0,8,2.868e-05,5.16
8110,7.485556,0.662856,0.01968229,0.0,8,2.839e-05,5.18
8120,7.408712,0.82152,0.01968271,0.0,8,2.81e-05,5.16
8130,7.404627,0.803124,0.019683,0.0,8,2.781e-05,5.18
8140,7.441051,0.800318,0.01968265,0.0,8,2.752e-05,5.16
8150,7.437719,0.88623,0.01968314,0.0,8,2.723e-05,5.17
8160,7.399958,0.76245,0.01968426,0.0,8,2.695e-05,5.17
8170,7.420445,1.159941,0.01968456,0.0,8,2.667e-05,5.17
8180,7.481156,0.780447,0.01968453,0.0,8,2.639e-05,5.19
8190,7.441436,1.108051,0.01968466,0.0,8,2.611e-05,5.18
8200,7.378224,1.141037,0.01968488,0.0,8,2.583e-05,5.16
8210,7.435319,1.183989,0.01968538,0.0,8,2.555e-05,5.17
8220,7.454644,1.100152,0.01968616,0.0,8,2.527e-05,5.15
8230,7.411561,1.00916,0.01968702,0.0,8,2.5e-05,5.19
8240,7.42911,0.895922,0.01968773,0.0,8,2.472e-05,5.16
8250,7.462981,0.70454,0.01968755,0.0,8,2.445e-05,5.17
8260,7.436293,0.895321,0.01968801,0.0,8,2.418e-05,5.16
8270,7.469477,1.117433,0.01968857,0.0,8,2.391e-05,5.17
8280,7.450652,0.964718,0.01968901,0.0,8,2.364e-05,5.15
8290,7.388853,1.533944,0.01968907,0.0,8,2.338e-05,5.17
8300,7.395209,0.822389,0.01968921,0.0,8,2.311e-05,5.16
8310,7.416611,2.597784,0.0196899,0.0,8,2.285e-05,5.17
8320,7.413671,1.136344,0.01968965,0.0,8,2.259e-05,5.16
8330,7.444652,0.870831,0.01968951,0.0,8,2.232e-05,5.14
8340,7.417559,1.001841,0.01968985,0.0,8,2.207e-05,5.16
8350,7.418507,0.729623,0.01969011,0.0,8,2.181e-05,5.16
8360,7.454177,1.570472,0.01969018,0.0,8,2.155e-05,5.18
8370,7.33371,1.568152,0.01969085,0.0,8,2.129e-05,5.15
8380,7.425825,0.825095,0.01969141,0.0,8,2.104e-05,5.17
8390,7.463173,0.805455,0.01969187,0.0,8,2.079e-05,5.15
8400,7.457236,1.119057,0.01969197,0.0,8,2.054e-05,5.16
8410,7.457691,1.072278,0.01969196,0.0,8,2.029e-05,5.16
8420,7.493987,0.886526,0.01969234,0.0,8,2.004e-05,5.17
8430,7.410825,0.851619,0.01969211,0.0,8,1.979e-05,5.15
8440,7.411234,0.998338,0.01969207,0.0,8,1.955e-05,5.16
8450,7.405295,1.224666,0.01969259,0.0,8,1.93e-05,5.16
8460,7.419676,1.201823,0.01969275,0.0,8,1.906e-05,5.16
8470,7.483573,1.556343,0.01969226,0.0,8,1.882e-05,5.15
8480,7.443351,0.70554,0.01969235,0.0,8,1.858e-05,5.19
8490,7.430489,1.506785,0.01969278,0.0,8,1.834e-05,5.13
8500,7.394192,1.228977,0.01969251,0.0,8,1.81e-05,5.16
8510,7.407817,1.041908,0.01969243,0.0,8,1.787e-05,20.99
8520,7.508662,0.888108,0.01969276,0.0,8,1.763e-05,5.16
8530,7.398057,0.797384,0.0196934,0.0,8,1.74e-05,5.17
8540,7.466639,0.987266,0.01969395,0.0,8,1.717e-05,5.15
8550,7.412431,1.032225,0.01969389,0.0,8,1.694e-05,5.17
8560,7.451424,1.720846,0.01969403,0.0,8,1.671e-05,5.15
8570,7.449761,1.395896,0.0196943,0.0,8,1.648e-05,5.15
8580,7.441554,1.525688,0.01969371,0.0,8,1.626e-05,5.16
8590,7.403409,1.014678,0.01969351,0.0,8,1.604e-05,5.16
8600,7.436916,1.261796,0.01969379,0.0,8,1.581e-05,5.14
8610,7.400454,1.025239,0.01969431,0.0,8,1.559e-05,5.17
8620,7.446528,1.139676,0.01969482,0.0,8,1.537e-05,5.18
8630,7.461002,1.202015,0.019695,0.0,8,1.515e-05,5.15
8640,7.426125,1.173234,0.01969517,0.0,8,1.494e-05,5.18
8650,7.486697,0.846375,0.0196953,0.0,8,1.472e-05,5.16
8660,7.431034,2.202,0.01969532,0.0,8,1.451e-05,5.19
8670,7.461131,1.113003,0.01969553,0.0,8,1.43e-05,5.16
8680,7.415049,1.135738,0.01969556,0.0,8,1.409e-05,5.18
8690,7.491201,0.969216,0.01969556,0.0,8,1.388e-05,5.16
8700,7.457133,0.835825,0.01969553,0.0,8,1.367e-05,5.15
8710,7.422522,0.827122,0.01969548,0.0,8,1.346e-05,5.15
8720,7.407941,1.222193,0.01969563,0.0,8,1.326e-05,5.17
8730,7.414371,1.245787,0.01969593,0.0,8,1.306e-05,5.17
8740,7.367981,1.094852,0.01969642,0.0,8,1.285e-05,5.17
8750,7.475658,0.808876,0.01969681,0.0,8,1.265e-05,5.17
8760,7.464371,1.29575,0.01969713,0.0,8,1.246e-05,5.17
8770,7.504015,0.929866,0.01969734,0.0,8,1.226e-05,5.16
8780,7.409073,0.985069,0.01969775,0.0,8,1.206e-05,5.18
8790,7.455885,1.065837,0.01969777,0.0,8,1.187e-05,5.14
8800,7.410231,1.533358,0.01969756,0.0,8,1.168e-05,5.18
8810,7.432546,1.295416,0.01969724,0.0,8,1.148e-05,5.16
8820,7.38724,1.481487,0.01969711,0.0,8,1.13e-05,5.16
8830,7.306905,0.921389,0.01969731,0.0,8,1.111e-05,5.16
8840,7.447981,0.886426,0.01969733,0.0,8,1.092e-05,5.16
8850,7.392823,1.121815,0.01969732,0.0,8,1.074e-05,5.15
8860,7.422378,1.265493,0.01969735,0.0,8,1.055e-05,5.17
8870,7.41925,1.115697,0.01969726,0.0,8,1.037e-05,5.17
8880,7.446512,0.913675,0.0196974,0.0,8,1.019e-05,5.16
8890,7.458774,0.827517,0.01969746,0.0,8,1.001e-05,5.18
8900,7.384715,2.869314,0.01969752,0.0,8,9.83e-06,5.16
8910,7.453506,0.816328,0.01969734,0.0,8,9.66e-06,5.18
8920,7.43264,0.861444,0.01969728,0.0,8,9.48e-06,5.15
8930,7.444838,0.994757,0.0196975,0.0,8,9.31e-06,5.18
8940,7.462124,1.00857,0.01969786,0.0,8,9.14e-06,5.15
8950,7.376318,0.75432,0.01969788,0.0,8,8.97e-06,5.16
8960,7.459946,0.705564,0.01969779,0.0,8,8.8e-06,5.16
8970,7.411819,1.833919,0.0196976,0.0,8,8.63e-06,5.17
8980,7.477494,0.949894,0.01969769,0.0,8,8.47e-06,5.15
8990,7.440677,1.856043,0.01969786,0.0,8,8.31e-06,5.17
9000,7.400193,0.742625,0.019698,0.0,8,8.14e-06,5.15
9010,7.425315,1.10069,0.01969802,0.0,8,7.98e-06,21.01
9020,7.409697,1.549455,0.01969805,0.0,8,7.82e-06,5.16
9030,7.428085,1.604169,0.01969817,0.0,8,7.67e-06,5.14
9040,7.427018,1.208705,0.0196982,0.0,8,7.51e-06,5.16
9050,7.405923,1.313226,0.01969839,0.0,8,7.36e-06,5.15
9060,7.433948,0.739394,0.0196986,0.0,8,7.2e-06,5.17
9070,7.385754,1.63731,0.0196987,0.0,8,7.05e-06,5.15
9080,7.393447,1.348556,0.01969891,0.0,8,6.9e-06,5.16
9090,7.458343,0.809726,0.019699,0.0,8,6.76e-06,5.15
9100,7.389713,1.726839,0.01969915,0.0,8,6.61e-06,5.18
9110,7.425351,2.263051,0.01969944,0.0,8,6.46e-06,5.15
9120,7.445837,1.018282,0.01969956,0.0,8,6.32e-06,5.15
9130,7.428586,1.047127,0.01969935,0.0,8,6.18e-06,5.15
9140,7.409968,1.338574,0.01969915,0.0,8,6.04e-06,5.17
9150,7.417265,1.58009,0.01969897,0.0,8,5.9e-06,5.16
9160,7.467231,1.980475,0.01969904,0.0,8,5.76e-06,5.17
9170,7.366235,0.915238,0.0196993,0.0,8,5.63e-06,5.18
9180,7.437218,1.445738,0.01969957,0.0,8,5.49e-06,5.15
9190,7.40682,1.220687,0.01969955,0.0,8,5.36e-06,5.17
9200,7.450174,0.758552,0.01969946,0.0,8,5.23e-06,5.17
9210,7.44403,0.731343,0.0196995,0.0,8,5.1e-06,5.17
9220,7.391423,1.472155,0.01969971,0.0,8,4.98e-06,5.16
9230,7.424769,1.136466,0.01969978,0.0,8,4.85e-06,5.18
9240,7.504849,0.820224,0.0196997,0.0,8,4.72e-06,5.15
9250,7.482001,1.25932,0.01969974,0.0,8,4.6e-06,5.19
9260,7.424643,1.004565,0.01969983,0.0,8,4.48e-06,5.15
9270,7.45955,1.327723,0.01969993,0.0,8,4.36e-06,5.17
9280,7.425484,1.247723,0.01969992,0.0,8,4.24e-06,5.16
9290,7.435138,1.048507,0.01969993,0.0,8,4.13e-06,5.17
9300,7.407107,1.746772,0.01969995,0.0,8,4.01e-06,5.16
9310,7.431066,1.595769,0.01969989,0.0,8,3.9e-06,5.18
9320,7.398213,1.170385,0.01969995,0.0,8,3.79e-06,5.16
9330,7.434482,2.183508,0.0197,0.0,8,3.68e-06,5.18
9340,7.473686,1.055822,0.01969997,0.0,8,3.57e-06,5.16
9350,7.413869,0.753581,0.01969994,0.0,8,3.46e-06,5.19
9360,7.423463,1.047551,0.01970003,0.0,8,3.36e-06,5.16
9370,7.447443,1.21099,0.0197001,0.0,8,3.25e-06,5.15
9380,7.355347,1.663272,0.01970014,0.0,8,3.15e-06,5.15
9390,7.380521,1.421512,0.01970019,0.0,8,3.05e-06,5.18
9400,7.487567,1.17165,0.01970023,0.0,8,2.95e-06,5.15
9410,7.497885,1.383138,0.01970029,0.0,8,2.86e-06,5.18
9420,7.461168,1.113224,0.01970035,0.0,8,2.76e-06,5.15
9430,7.477385,0.999949,0.01970039,0.0,8,2.67e-06,5.15
9440,7.388599,1.208937,0.01970037,0.0,8,2.57e-06,5.18
9450,7.419418,2.09653,0.01970043,0.0,8,2.48e-06,5.17
9460,7.463952,1.125939,0.01970049,0.0,8,2.39e-06,5.17
9470,7.461717,0.888448,0.01970058,0.0,8,2.31e-06,5.14
9480,7.40579,0.871538,0.01970064,0.0,8,2.22e-06,5.17
9490,7.401327,1.066339,0.01970064,0.0,8,2.14e-06,5.16
9500,7.429354,1.249841,0.01970061,0.0,8,2.05e-06,5.16
9510,7.411369,1.024218,0.01970055,0.0,8,1.97e-06,21.01
9520,7.42202,0.897834,0.01970052,0.0,8,1.89e-06,5.15
9530,7.459662,0.984734,0.01970047,0.0,8,1.82e-06,5.18
9540,7.364082,1.266043,0.01970045,0.0,8,1.74e-06,5.17
9550,7.373714,1.306023,0.01970045,0.0,8,1.67e-06,5.17
9560,7.359723,1.765233,0.01970042,0.0,8,1.59e-06,5.19
9570,7.418428,0.998675,0.01970042,0.0,8,1.52e-06,5.19
9580,7.396758,1.956224,0.01970042,0.0,8,1.45e-06,5.13
9590,7.386462,0.966843,0.01970041,0.0,8,1.38e-06,5.17
9600,7.441518,0.99832,0.01970045,0.0,8,1.32e-06,5.16
9610,7.438053,2.128998,0.0197005,0.0,8,1.25e-06,5.17
9620,7.43714,1.635728,0.01970051,0.0,8,1.19e-06,5.15
9630,7.418158,1.38988,0.01970054,0.0,8,1.13e-06,5.15
9640,7.376301,1.480369,0.01970056,0.0,8,1.07e-06,5.14
9650,7.487101,1.307092,0.01970055,0.0,8,1.01e-06,5.17
9660,7.405883,1.020898,0.01970056,0.0,8,9.5e-07,5.16
9670,7.505226,1.138082,0.01970057,0.0,8,9e-07,5.16
9680,7.364745,1.075274,0.01970058,0.0,8,8.4e-07,5.18
9690,7.43565,1.236189,0.01970061,0.0,8,7.9e-07,5.16
9700,7.391951,1.239039,0.01970065,0.0,8,7.4e-07,5.16
9710,7.400679,1.772145,0.01970067,0.0,8,6.9e-07,5.17
9720,7.463757,1.003432,0.01970067,0.0,8,6.5e-07,5.18
9730,7.407324,1.613494,0.01970068,0.0,8,6e-07,5.15
9740,7.378934,1.369093,0.01970068,0.0,8,5.6e-07,5.16
9750,7.491959,0.848911,0.01970068,0.0,8,5.2e-07,5.17
9760,7.417947,0.76376,0.01970068,0.0,8,4.8e-07,5.17
9770,7.420376,1.29365,0.01970069,0.0,8,4.4e-07,5.16
9780,7.447392,1.437051,0.01970069,0.0,8,4e-07,5.19
9790,7.474389,1.02975,0.01970069,0.0,8,3.7e-07,5.15
9800,7.421683,0.946173,0.01970069,0.0,8,3.3e-07,5.18
9810,7.385727,1.435527,0.01970068,0.0,8,3e-07,5.16
9820,7.428543,2.546277,0.01970068,0.0,8,2.7e-07,5.17
9830,7.546655,1.041447,0.01970068,0.0,8,2.4e-07,5.16
9840,7.404765,0.823208,0.01970068,0.0,8,2.1e-07,5.18
9850,7.432797,1.021641,0.01970068,0.0,8,1.9e-07,5.15
9860,7.46965,1.207719,0.01970068,0.0,8,1.6e-07,5.16
9870,7.414884,1.408598,0.01970068,0.0,8,1.4e-07,5.17
9880,7.44715,1.152169,0.01970068,0.0,8,1.2e-07,5.18
9890,7.431542,1.026163,0.01970068,0.0,8,1e-07,5.15
9900,7.425714,1.501078,0.01970068,0.0,8,8e-08,5.17
9910,7.447732,0.695575,0.01970068,0.0,8,7e-08,5.18
9920,7.428115,1.691874,0.01970068,0.0,8,5e-08,5.17
9930,7.404486,2.608186,0.01970069,0.0,8,4e-08,5.15
9940,7.501586,0.938623,0.01970069,0.0,8,3e-08,5.17
9950,7.437629,0.803537,0.01970069,0.0,8,2e-08,5.15
9960,7.406665,1.052668,0.01970069,0.0,8,1e-08,5.16
9970,7.443902,1.066689,0.01970069,0.0,8,1e-08,5.17
9980,7.507587,0.848149,0.01970069,0.0,8,0.0,5.15
9990,7.435266,1.710375,0.01970069,0.0,8,0.0,5.17
10000,7.403354,1.113935,0.01970069,0.0,8,0.0,5.17
